TYPE,CODE,L1_KR,L1_EN,L2_KR,L2_EN,L3_KR,L3_EN,L4_KR,L4_EN
ROH1,AABN0010,농산물,Agri,대두&콩류,Beans,대두 (GMO),Soybean (GMO),,
ROH1,AABN0020,농산물,Agri,대두&콩류,Beans,대두 (Non-GMO),Soybean (Non-GMO),,
ROH1,AABN0030,농산물,Agri,대두&콩류,Beans,콩나물콩,Sprout Bean,,
ROH1,AABN0040,농산물,Agri,대두&콩류,Beans,렌틸콩,Lentils,,
ROH1,AABN0050,농산물,Agri,대두&콩류,Beans,강낭콩,Kidney Bean,,
ROH1,AABN0060,농산물,Agri,대두&콩류,Beans,줄기콩,Green Beans,,
ROH1,AABN0070,농산물,Agri,대두&콩류,Beans,녹두,Mung Bean,,
ROH1,AABN0080,농산물,Agri,대두&콩류,Beans,병아리콩,Chickpeas,,
ROH1,AABN0090,농산물,Agri,대두&콩류,Beans,완두콩,Pea,,
ROH1,AABN0100,농산물,Agri,대두&콩류,Beans,풋콩,Edamame,,
ROH1,AABN0110,농산물,Agri,대두&콩류,Beans,적두 (팥),Red Bean (Adzuki Bean),,
ROH1,AABN9990,농산물,Agri,대두&콩류,Beans,기타콩류,Other Beans,,
ROH1,AACV0010,농산물,Agri,고추류,Chili Varieties,냉고추,Frozen Chili Peppers,,
ROH1,AACV0020,농산물,Agri,고추류,Chili Varieties,건고추,Dried Chili Peppers,,
ROH1,AACV0030,농산물,Agri,고추류,Chili Varieties,고추씨,Chili Seeds,,
ROH1,AACV0040,농산물,Agri,고추류,Chili Varieties,청양고추,Cheongyang Chili Peppers,,
ROH1,AACV0050,농산물,Agri,고추류,Chili Varieties,풋고추,Green Chili Peppers,,
ROH1,AACV0060,농산물,Agri,고추류,Chili Varieties,홍고추,Red Chili Peppers,,
ROH1,AACV0070,농산물,Agri,고추류,Chili Varieties,꽈리고추,Shishito Pepper,,
ROH1,AACV0080,농산물,Agri,고추류,Chili Varieties,고춧가루,Chili Powder,,
ROH1,AACV0090,농산물,Agri,고추류,Chili Varieties,할라피뇨,Jalapeño,,
ROH1,AACV9990,농산물,Agri,고추류,Chili Varieties,기타고추류,Other Chili Varieties,,
ROH1,AAFR0010,농산물,Agri,과실류,Fruits,사과,Apple,,
ROH1,AAFR0020,농산물,Agri,과실류,Fruits,배,Pear,,
ROH1,AAFR0030,농산물,Agri,과실류,Fruits,감귤,Tangerine,,
ROH1,AAFR0040,농산물,Agri,과실류,Fruits,딸기,Strawberry,,
ROH1,AAFR0050,농산물,Agri,과실류,Fruits,금귤,Kumquat,,
ROH1,AAFR0060,농산물,Agri,과실류,Fruits,단감,Sweet Persimmon,,
ROH1,AAFR0070,농산물,Agri,과실류,Fruits,홍시,Hongsi,,
ROH1,AAFR0080,농산물,Agri,과실류,Fruits,대봉시,Daebongsi,,
ROH1,AAFR0090,농산물,Agri,과실류,Fruits,매실,Japanese Plum,,
ROH1,AAFR0100,농산물,Agri,과실류,Fruits,메론,Melon,,
ROH1,AAFR0110,농산물,Agri,과실류,Fruits,모과,Quince,,
ROH1,AAFR0120,농산물,Agri,과실류,Fruits,복분자,Bokbunja,,
ROH1,AAFR0130,농산물,Agri,과실류,Fruits,블루베리,Blueberry,,
ROH1,AAFR0140,농산물,Agri,과실류,Fruits,수박,Watermelon,,
ROH1,AAFR0150,농산물,Agri,과실류,Fruits,키위&참다래,Kiwi&Persimmon,,
ROH1,AAFR0160,농산물,Agri,과실류,Fruits,참외,Oriental Melon,,
ROH1,AAFR0170,농산물,Agri,과실류,Fruits,천혜향,Cheonhyehyang,,
ROH1,AAFR0180,농산물,Agri,과실류,Fruits,한라봉,Hallabong,,
ROH1,AAFR0190,농산물,Agri,과실류,Fruits,포도,Grape,,
ROH1,AAFR0200,농산물,Agri,과실류,Fruits,자두,Plum,,
ROH1,AAFR0210,농산물,Agri,과실류,Fruits,복숭아,Peach,,
ROH1,AAFR0220,농산물,Agri,과실류,Fruits,리치,Lychee,,
ROH1,AAFR0230,농산물,Agri,과실류,Fruits,체리,Cherry,,
ROH1,AAFR0240,농산물,Agri,과실류,Fruits,레몬,Lemon,,
ROH1,AAFR0250,농산물,Agri,과실류,Fruits,망고,Mango,,
ROH1,AAFR0260,농산물,Agri,과실류,Fruits,바나나,Banana,,
ROH1,AAFR0270,농산물,Agri,과실류,Fruits,석류,Pomegranate,,
ROH1,AAFR0280,농산물,Agri,과실류,Fruits,오렌지,Orange,,
ROH1,AAFR0290,농산물,Agri,과실류,Fruits,자몽,Grapefruit,,
ROH1,AAFR0300,농산물,Agri,과실류,Fruits,파인애플,Pineapple,,
ROH1,AAFR0310,농산물,Agri,과실류,Fruits,살구,Apricot,,
ROH1,AAFR0320,농산물,Agri,과실류,Fruits,대추,Jujubes,,
ROH1,AAFR0330,농산물,Agri,과실류,Fruits,올리브,Olive,,
ROH1,AAFR0350,농산물,Agri,과실류,Fruits,코코넛,Coconut,,
ROH1,AAFR9990,농산물,Agri,과실류,Fruits,기타과실류,Other Fruits,,
ROH1,AAFV0010,농산물,Agri,열매채소류,Fruiting Vegetables,토마토,Tomato,,
ROH1,AAFV0020,농산물,Agri,열매채소류,Fruiting Vegetables,오이,Cucumber,,
ROH1,AAFV0030,농산물,Agri,열매채소류,Fruiting Vegetables,호박,Pumpkin,,
ROH1,AAFV0040,농산물,Agri,열매채소류,Fruiting Vegetables,가지,Eggplant,,
ROH1,AAFV9990,농산물,Agri,열매채소류,Fruiting Vegetables,기타열매채소류,Other Fruiting Vegetables,,
ROH1,AAGR0010,농산물,Agri,곡물류,Grains,원맥&밀,Raw Wheat&Wheat,,
ROH1,AAGR0020,농산물,Agri,곡물류,Grains,옥수수,Corn,,
ROH1,AAHB0010,농산물,Agri,허브류,Herbs,파슬리,Parsley,,
ROH1,AAHB0020,농산물,Agri,허브류,Herbs,바질 (잎),Basil (Leaf),,
ROH1,AAHB0030,농산물,Agri,허브류,Herbs,스테비아,Stevia,,
ROH1,AAHB0040,농산물,Agri,허브류,Herbs,오레가노,Oregano,,
ROH1,AAHB0050,농산물,Agri,허브류,Herbs,아니스 (씨),Anise,,
ROH1,AAHB9990,농산물,Agri,허브류,Herbs,기타허브류,Herbs Others,,
ROH1,AALV0010,농산물,Agri,엽경채류,Leafy Stem Vegetables,갓,Garland Chrysanthemum,,
ROH1,AALV0020,농산물,Agri,엽경채류,Leafy Stem Vegetables,고수,Cilantro,,
ROH1,AALV0030,농산물,Agri,엽경채류,Leafy Stem Vegetables,근대,Swiss Chard,,
ROH1,AALV0040,농산물,Agri,엽경채류,Leafy Stem Vegetables,깻잎,Perilla Leaves,,
ROH1,AALV0050,농산물,Agri,엽경채류,Leafy Stem Vegetables,냉이,Shepherd'S Purse,,
ROH1,AALV0060,농산물,Agri,엽경채류,Leafy Stem Vegetables,로메인,Romaine Lettuce,,
ROH1,AALV0070,농산물,Agri,엽경채류,Leafy Stem Vegetables,루꼴라,Arugula,,
ROH1,AALV0080,농산물,Agri,엽경채류,Leafy Stem Vegetables,부추,Chives,,
ROH1,AALV0090,농산물,Agri,엽경채류,Leafy Stem Vegetables,브로콜리,Broccoli,,
ROH1,AALV0100,농산물,Agri,엽경채류,Leafy Stem Vegetables,셀러리,Celery,,
ROH1,AALV0110,농산물,Agri,엽경채류,Leafy Stem Vegetables,시금치,Spinach,,
ROH1,AALV0120,농산물,Agri,엽경채류,Leafy Stem Vegetables,시래기,Dried Radish Greens,,
ROH1,AALV0130,농산물,Agri,엽경채류,Leafy Stem Vegetables,양배추,Cabbage,,
ROH1,AALV0140,농산물,Agri,엽경채류,Leafy Stem Vegetables,양상추,Iceberg Lettuce,,
ROH1,AALV0150,농산물,Agri,엽경채류,Leafy Stem Vegetables,적양배추,Red Cabbage,,
ROH1,AALV0160,농산물,Agri,엽경채류,Leafy Stem Vegetables,청경채,Bok Choy,,
ROH1,AALV0170,농산물,Agri,엽경채류,Leafy Stem Vegetables,상추&프릴아이스,Lettuce&Frill Ice Lettuce,,
ROH1,AALV0190,농산물,Agri,엽경채류,Leafy Stem Vegetables,겨자채소,Mustard Greens,,
ROH1,AALV0200,농산물,Agri,엽경채류,Leafy Stem Vegetables,케일,Kale,,
ROH1,AALV0210,농산물,Agri,엽경채류,Leafy Stem Vegetables,죽순,Bamboo Shoots,,
ROH1,AALV9990,농산물,Agri,엽경채류,Leafy Stem Vegetables,기타엽경채류,Stem Others,,
ROH1,AAMG0010,농산물,Agri,잡곡류,Mixed Grains,귀리,Oats,,
ROH1,AAMG0020,농산물,Agri,잡곡류,Mixed Grains,기장,Millet,,
ROH1,AAMG0030,농산물,Agri,잡곡류,Mixed Grains,메밀,Buckwheat,,
ROH1,AAMG0040,농산물,Agri,잡곡류,Mixed Grains,참깨,Sesame,,
ROH1,AAMG0050,농산물,Agri,잡곡류,Mixed Grains,들깨,Perilla Seeds,,
ROH1,AAMG0060,농산물,Agri,잡곡류,Mixed Grains,보리,Barley,,
ROH1,AAMG0070,농산물,Agri,잡곡류,Mixed Grains,수수,Sorghum,,
ROH1,AAMG0080,농산물,Agri,잡곡류,Mixed Grains,율무,Job'S Tears,,
ROH1,AAMG0090,농산물,Agri,잡곡류,Mixed Grains,차조,Foxtail Millet,,
ROH1,AAMG0100,농산물,Agri,잡곡류,Mixed Grains,치아시드,Chia Seeds,,
ROH1,AAMG0110,농산물,Agri,잡곡류,Mixed Grains,퀴노아,Quinoa,,
ROH1,AAMG0120,농산물,Agri,잡곡류,Mixed Grains,파로,Farro,,
ROH1,AAMG0130,농산물,Agri,잡곡류,Mixed Grains,혼합곡,Mixed Grains,,
ROH1,AAMG9990,농산물,Agri,잡곡류,Mixed Grains,기타잡곡류,Other Grains,,
ROH1,AAMU0010,농산물,Agri,버섯류,Mushrooms,느타리버섯,Oyster Mushroom,,
ROH1,AAMU0020,농산물,Agri,버섯류,Mushrooms,능이버섯,Black Pine Mushroom,,
ROH1,AAMU0030,농산물,Agri,버섯류,Mushrooms,목이버섯,Woodear Mushroom,,
ROH1,AAMU0040,농산물,Agri,버섯류,Mushrooms,새송이버섯,King Oyster Mushroom,,
ROH1,AAMU0050,농산물,Agri,버섯류,Mushrooms,애느타리버섯,Elm Oyster Mushroom,,
ROH1,AAMU0060,농산물,Agri,버섯류,Mushrooms,양송이버섯,Button Mushroom,,
ROH1,AAMU0070,농산물,Agri,버섯류,Mushrooms,표고버섯,Shiitake Mushroom,,
ROH1,AAMU0090,농산물,Agri,버섯류,Mushrooms,송이버섯,Pine Mushroom,,
ROH1,AAMU0100,농산물,Agri,버섯류,Mushrooms,팽이버섯,Enoki Mushroom,,
ROH1,AAMU9990,농산물,Agri,버섯류,Mushrooms,기타버섯류,Mushroom Others,,
ROH1,AANU0010,농산물,Agri,견과류,Nuts,호두,Walnuts,,
ROH1,AANU0020,농산물,Agri,견과류,Nuts,땅콩,Peanuts,,
ROH1,AANU0030,농산물,Agri,견과류,Nuts,밤,Chestnuts,,
ROH1,AANU0040,농산물,Agri,견과류,Nuts,은행,Ginkgo Nuts,,
ROH1,AANU0050,농산물,Agri,견과류,Nuts,아몬드,Almonds,,
ROH1,AANU0060,농산물,Agri,견과류,Nuts,잣,Pine Nuts,,
ROH1,AANU0070,농산물,Agri,견과류,Nuts,캐슈너트,Cashew Nuts,,
ROH1,AANU0080,농산물,Agri,견과류,Nuts,해바라기씨,Sunflower Seeds,,
ROH1,AANU0090,농산물,Agri,견과류,Nuts,마카다미아,Macadamia,,
ROH1,AANU0100,농산물,Agri,견과류,Nuts,피스타치오,Pistachios,,
ROH1,AANU0110,농산물,Agri,견과류,Nuts,피칸,Pecans,,
ROH1,AANU0120,농산물,Agri,견과류,Nuts,호박씨,Pumpkin Seeds,,
ROH1,AANU9990,농산물,Agri,견과류,Nuts,기타견과류,Other Nuts,,
ROH1,AAOT0010,농산물,Agri,기타농산물,Others,나물류,Namul,,
ROH1,AAOT0020,농산물,Agri,기타농산물,Others,약용식물류,Medicinal Plants,,
ROH1,AAOT0030,농산물,Agri,기타농산물,Others,밀키트농산,Meal Kit Agri,,
ROH1,AAOT9990,농산물,Agri,기타농산물,Others,기타농산물,Other Agri,,
ROH1,AARC0010,농산물,Agri,무&배추류,Radish&Cabbage,무,Radish,,
ROH1,AARC0011,농산물,Agri,무&배추류,Radish&Cabbage,무,Radish,조선무,Radish (KR)
ROH1,AARC0012,농산물,Agri,무&배추류,Radish&Cabbage,무,Radish,왜무,Radish (JP)
ROH1,AARC0020,농산물,Agri,무&배추류,Radish&Cabbage,배추,Chinese Cabbage,,
ROH1,AARC0030,농산물,Agri,무&배추류,Radish&Cabbage,절임배추,Salted Chinese Cabbage,,
ROH1,AARC0040,농산물,Agri,무&배추류,Radish&Cabbage,열무,Young Radish,,
ROH1,AARC0050,농산물,Agri,무&배추류,Radish&Cabbage,알타리,Ponytail Radish,,
ROH1,AARC0060,농산물,Agri,무&배추류,Radish&Cabbage,얼갈이,Winter Cabbage,,
ROH1,AARI0010,농산물,Agri,미곡류,Rice Crops,적미,Red Rice,,
ROH1,AARI0020,농산물,Agri,미곡류,Rice Crops,백미,White Rice,,
ROH1,AARI0030,농산물,Agri,미곡류,Rice Crops,조곡 (쌀),Unhulled Rice,,
ROH1,AARI0040,농산물,Agri,미곡류,Rice Crops,찰현미,Glutinous Brown Rice,,
ROH1,AARI0050,농산물,Agri,미곡류,Rice Crops,찹쌀,Glutinous Rice,,
ROH1,AARI0060,농산물,Agri,미곡류,Rice Crops,현미,Brown Rice,,
ROH1,AARI0070,농산물,Agri,미곡류,Rice Crops,흑미,Black Rice,,
ROH1,AARI0080,농산물,Agri,미곡류,Rice Crops,야생쌀,Wild Rice,,
ROH1,AARI9990,농산물,Agri,미곡류,Rice Crops,기타미곡류,Other Rice Crops,,
ROH1,AARV0010,농산물,Agri,뿌리채소류,Root Vegetables,감자,Potato,,
ROH1,AARV0020,농산물,Agri,뿌리채소류,Root Vegetables,얌빈,Yam Bean,,
ROH1,AARV0030,농산물,Agri,뿌리채소류,Root Vegetables,고구마,Sweet Potato,,
ROH1,AARV0040,농산물,Agri,뿌리채소류,Root Vegetables,당근,Carrot,,
ROH1,AARV0050,농산물,Agri,뿌리채소류,Root Vegetables,연근,Lotus Root,,
ROH1,AARV0060,농산물,Agri,뿌리채소류,Root Vegetables,우엉,Burdock,,
ROH1,AARV0070,농산물,Agri,뿌리채소류,Root Vegetables,토란,Taro,,
ROH1,AARV0080,농산물,Agri,뿌리채소류,Root Vegetables,물밤,Water Chestnut,,
ROH1,AARV0090,농산물,Agri,뿌리채소류,Root Vegetables,서양고추냉이,Horseradish,,
ROH1,AARV0100,농산물,Agri,뿌리채소류,Root Vegetables,더덕,Deodeok,,
ROH1,AARV0110,농산물,Agri,뿌리채소류,Root Vegetables,도라지,Bellflower Root,,
ROH1,AARV0120,농산물,Agri,뿌리채소류,Root Vegetables,인삼&수삼,Ginseng,,
ROH1,AARV9990,농산물,Agri,뿌리채소류,Root Vegetables,기타뿌리채소류,Other Root Vegetables,,
ROH1,AASV0010,농산물,Agri,양념채소류,Aromatic Vegetables,대파,Green Onion,,
ROH1,AASV0020,농산물,Agri,양념채소류,Aromatic Vegetables,샬롯,Shallot,,
ROH1,AASV0030,농산물,Agri,양념채소류,Aromatic Vegetables,마늘,Garlic,,
ROH1,AASV0040,농산물,Agri,양념채소류,Aromatic Vegetables,생강,Ginger,,
ROH1,AASV0050,농산물,Agri,양념채소류,Aromatic Vegetables,양파,Onion,,
ROH1,AASV0060,농산물,Agri,양념채소류,Aromatic Vegetables,쪽파,Scallion,,
ROH1,AASV0070,농산물,Agri,양념채소류,Aromatic Vegetables,파프리카,Paprika,,
ROH1,AASV0080,농산물,Agri,양념채소류,Aromatic Vegetables,피망,Bell Pepper,,
ROH1,AASV9990,농산물,Agri,양념채소류,Aromatic Vegetables,기타양념채소류,Other Aromatic Veg,,
ROH1,APBN0010,농산가공식품,Agri Processed,두류가공,Soybeans,TVP/CSP/ISP,Tvp/Csp/Isp,,
ROH1,APBN0020,농산가공식품,Agri Processed,두류가공,Soybeans,탈지대두,Defatted Soybean,,
ROH1,APBN0030,농산가공식품,Agri Processed,두류가공,Soybeans,두류분말,Soybeans Powder,,
ROH1,APBN0040,농산가공식품,Agri Processed,두류가공,Soybeans,두부,Tofu,,
ROH1,APBN0060,농산가공식품,Agri Processed,두류가공,Soybeans,대두박,Soybean Meal,,
ROH1,APBN9990,농산가공식품,Agri Processed,두류가공,Soybeans,기타두류가공,Other Processed Soy,,
ROH1,APCP0010,농산가공식품,Agri Processed,고추가공,Chili Peppers,고추양념,Chili Seasoning,,
ROH1,APCP0020,농산가공식품,Agri Processed,고추가공,Chili Peppers,고추엑기스,Chili Extract,,
ROH1,APCP0030,농산가공식품,Agri Processed,고추가공,Chili Peppers,고추페이스트,Chili Paste,,
ROH1,APCP0040,농산가공식품,Agri Processed,고추가공,Chili Peppers,절인 할라피뇨,Pickled Jalapeño,,
ROH1,APCP9990,농산가공식품,Agri Processed,고추가공,Chili Peppers,기타고추가공,Other Processed Chili,,
ROH1,APFI0010,농산가공식품,Agri Processed,임산가공,Forest Ingredients,버섯엑기스,Mushroom Extract,,
ROH1,APFI0020,농산가공식품,Agri Processed,임산가공,Forest Ingredients,버섯분말,Mushroom Powder,,
ROH1,APFI0030,농산가공식품,Agri Processed,임산가공,Forest Ingredients,약용식물추출물,Medicinal Plant Extract,,
ROH1,APFI9990,농산가공식품,Agri Processed,임산가공,Forest Ingredients,기타임산가공,Other Forest Ingredients,,
ROH1,APFR0010,농산가공식품,Agri Processed,과실가공,Fruits,과실농축액,Fruit Concentrate,,
ROH1,APFR0020,농산가공식품,Agri Processed,과실가공,Fruits,과일퓨레,Fruit Puree,,
ROH1,APFR0021,농산가공식품,Agri Processed,과실가공,Fruits,과일퓨레,Fruit Puree,단호박퓨레,Pumpkin Puree
ROH1,APFR0022,농산가공식품,Agri Processed,과실가공,Fruits,과일퓨레,Fruit Puree,바나나퓨레,Banana Puree
ROH1,APFR0023,농산가공식품,Agri Processed,과실가공,Fruits,과일퓨레,Fruit Puree,배퓨레,Pear Puree
ROH1,APFR0024,농산가공식품,Agri Processed,과실가공,Fruits,과일퓨레,Fruit Puree,사과퓨레,Apple Puree
ROH1,APFR0025,농산가공식품,Agri Processed,과실가공,Fruits,과일퓨레,Fruit Puree,파인애플퓨레,Pineapple Puree
ROH1,APFR0026,농산가공식품,Agri Processed,과실가공,Fruits,과일퓨레,Fruit Puree,키위퓨레,Kiwi Puree
ROH1,APFR0030,농산가공식품,Agri Processed,과실가공,Fruits,카카오,Cacao Products,,
ROH1,APFR9990,농산가공식품,Agri Processed,과실가공,Fruits,기타과실가공,Other Processed Fruits,,
ROH1,APGR0010,농산가공식품,Agri Processed,곡물가공,Grains,곤약쌀,Konjac Rice,,
ROH1,APGR0020,농산가공식품,Agri Processed,곡물가공,Grains,떡&밥,Rice Cake&Rice,,
ROH1,APGR0030,농산가공식품,Agri Processed,곡물가공,Grains,곡류후레이크,Grain Flakes,,
ROH1,APGR0040,농산가공식품,Agri Processed,곡물가공,Grains,건식곡물믹스,Dry Grain Mix,,
ROH1,APGR0050,농산가공식품,Agri Processed,곡물가공,Grains,라이스 페이퍼,Rice Paper,,
ROH1,APGR0060,농산가공식품,Agri Processed,곡물가공,Grains,밀가루,Wheat Flour,,
ROH1,APGR0070,농산가공식품,Agri Processed,곡물가공,Grains,귀리 섬유질,Oat Fiber,,
ROH1,APGR0080,농산가공식품,Agri Processed,곡물가공,Grains,귀리가루,Oat Flour,,
ROH1,APGR0090,농산가공식품,Agri Processed,곡물가공,Grains,메밀가루,Buckwheat Flour,,
ROH1,APGR0100,농산가공식품,Agri Processed,곡물가공,Grains,보리가루,Barley Flour,,
ROH1,APGR0110,농산가공식품,Agri Processed,곡물가공,Grains,쌀가루,Rice Flour,,
ROH1,APGR0120,농산가공식품,Agri Processed,곡물가공,Grains,옥수수 가공,Processed Corn,,
ROH1,APGR0130,농산가공식품,Agri Processed,곡물가공,Grains,찹쌀가루,Glutinous Rice Flour,,
ROH1,APGR0140,농산가공식품,Agri Processed,곡물가공,Grains,현미가루,Brown Rice Flour,,
ROH1,APGR0150,농산가공식품,Agri Processed,곡물가공,Grains,혼합분말,Mixed Powder,,
ROH1,APGR0160,농산가공식품,Agri Processed,곡물가공,Grains,흑미분말,Black Rice Powder,,
ROH1,APGR0170,농산가공식품,Agri Processed,곡물가공,Grains,참깨분,Sesame Powder,,
ROH1,APGR0180,농산가공식품,Agri Processed,곡물가공,Grains,빵가루,Bread Crumbs,,
ROH1,APGR0190,농산가공식품,Agri Processed,곡물가공,Grains,들깨분,Perilla Powder,,
ROH1,APGR9990,농산가공식품,Agri Processed,곡물가공,Grains,기타곡물가공,Other Processed Grains,,
ROH1,APKI0010,농산가공식품,Agri Processed,김치,Kimchi,원료김치,Raw Material Kimchi,,
ROH1,APKI9990,농산가공식품,Agri Processed,김치,Kimchi,기타김치,Other Kimchi,,
ROH1,APNU0010,농산가공식품,Agri Processed,견과가공,Nuts,견과류분말,Nut Powder,,
ROH1,APNU9990,농산가공식품,Agri Processed,견과가공,Nuts,기타견과가공,Other Processed Nuts,,
ROH1,APOT0010,농산가공식품,Agri Processed,기타채소가공,Others,토마토 가공,Processed Tomato,,
ROH1,APOT0020,농산가공식품,Agri Processed,기타채소가공,Others,야채블럭,Vegetable Block,,
ROH1,APOT0030,농산가공식품,Agri Processed,기타채소가공,Others,야채육수&농축액,Vegetable Broth&Concentrate,,
ROH1,APOT9990,농산가공식품,Agri Processed,기타채소가공,Others,기타채소가공,Other Processed Veg,,
ROH1,APRV0010,농산가공식품,Agri Processed,뿌리채소가공,Root Vegetables,감자가공,Processed Potato,,
ROH1,APRV0020,농산가공식품,Agri Processed,뿌리채소가공,Root Vegetables,고구마가공,Processed Sweet Potato,,
ROH1,APRV9990,농산가공식품,Agri Processed,뿌리채소가공,Root Vegetables,기타뿌리채소가공,Other Processed Roots,,
ROH1,APSG0010,농산가공식품,Agri Processed,당류,Sugars,원당 ,Raw Sugar,,
ROH1,APSG0020,농산가공식품,Agri Processed,당류,Sugars,유기농설탕,Organic Sugar,,
ROH1,APSG0030,농산가공식품,Agri Processed,당류,Sugars,자일로스,Xylose,,
ROH1,APSG0040,농산가공식품,Agri Processed,당류,Sugars,말티톨,Maltitol,,
ROH1,APSG0050,농산가공식품,Agri Processed,당류,Sugars,이소말토,Isomalt,,
ROH1,APSG0060,농산가공식품,Agri Processed,당류,Sugars,에리스리톨,Erythritol,,
ROH1,APSG0070,농산가공식품,Agri Processed,당류,Sugars,솔비톨,Sorbitol,,
ROH1,APSG0080,농산가공식품,Agri Processed,당류,Sugars,함수포도당,Hydrated Glucose,,
ROH1,APSG0090,농산가공식품,Agri Processed,당류,Sugars,말토덱스트린,Maltodextrin,,
ROH1,APSG0100,농산가공식품,Agri Processed,당류,Sugars,덱스트린,Dextrin,,
ROH1,APSG0120,농산가공식품,Agri Processed,당류,Sugars,이성화당,F+G,,
ROH1,APSG0130,농산가공식품,Agri Processed,당류,Sugars,사탕무 당밀,Bm,,
ROH1,APSG0140,농산가공식품,Agri Processed,당류,Sugars,SOD,Sod,,
ROH1,APSG0150,농산가공식품,Agri Processed,당류,Sugars,CSOD,Csod,,
ROH1,APSG0160,농산가공식품,Agri Processed,당류,Sugars,GSOD,Gsod,,
ROH1,APSG0170,농산가공식품,Agri Processed,당류,Sugars,MSOD,Msod,,
ROH1,APSG0180,농산가공식품,Agri Processed,당류,Sugars,슈크로스,Sucrose,,
ROH1,APSG0190,농산가공식품,Agri Processed,당류,Sugars,글루코스,Glucose,,
ROH1,APSG0200,농산가공식품,Agri Processed,당류,Sugars,H당,H당,,
ROH1,APSG0210,농산가공식품,Agri Processed,당류,Sugars,포도당,Dextrose,,
ROH1,APSG0220,농산가공식품,Agri Processed,당류,Sugars,과당,Fructose,,
ROH1,APSG0230,농산가공식품,Agri Processed,당류,Sugars,사탕수수 당밀,Cm,,
ROH1,APSG0240,농산가공식품,Agri Processed,당류,Sugars,백설탕,White Sugar,,
ROH1,APSG0250,농산가공식품,Agri Processed,당류,Sugars,고과당 옥수수시럽,Hfcs,,
ROH1,APSG0260,농산가공식품,Agri Processed,당류,Sugars,액상당,Raw Syrup,,
ROH1,APSG9990,농산가공식품,Agri Processed,당류,Sugars,기타당류,Other Sugars,,
ROH1,APST0010,농산가공식품,Agri Processed,전분류,Starches,전분,Starch,,
ROH1,APST0020,농산가공식품,Agri Processed,전분류,Starches,전분믹스,Starch Mix,,
ROH1,APST0030,농산가공식품,Agri Processed,전분류,Starches,소맥전분,Wheat Starch,,
ROH1,APST0040,농산가공식품,Agri Processed,전분류,Starches,타피오카변성전분,Modified Tapioca Starch,,
ROH1,APST0060,농산가공식품,Agri Processed,전분류,Starches,옥수수전분가루,Csp,,
ROH1,APST0070,농산가공식품,Agri Processed,전분류,Starches,전분유,Stc,,
ROH1,APST0080,농산가공식품,Agri Processed,전분류,Starches,타피오카분말,Tapioka,,
ROH1,APST9990,농산가공식품,Agri Processed,전분류,Starches,기타전분류,Other Starch Product,,
ROH1,APSV0010,농산가공식품,Agri Processed,양념채소가공,Aromatic Vegetables,마늘분말,Garlic Powder,,
ROH1,APSV0020,농산가공식품,Agri Processed,양념채소가공,Aromatic Vegetables,마늘농축액,Garlic Concentrate,,
ROH1,APSV0030,농산가공식품,Agri Processed,양념채소가공,Aromatic Vegetables,마늘페이스트&퓨레,Garlic Paste&Puree,,
ROH1,APSV0040,농산가공식품,Agri Processed,양념채소가공,Aromatic Vegetables,양파분말,Onion Powder,,
ROH1,APSV0050,농산가공식품,Agri Processed,양념채소가공,Aromatic Vegetables,양파농축액,Onion Concentrate,,
ROH1,APSV0060,농산가공식품,Agri Processed,양념채소가공,Aromatic Vegetables,양파페이스트&퓨레,Onion Paste&Puree,,
ROH1,APSV0070,농산가공식품,Agri Processed,양념채소가공,Aromatic Vegetables,대파분말,Green Onion Powder,,
ROH1,APSV0080,농산가공식품,Agri Processed,양념채소가공,Aromatic Vegetables,대파농축액,Green Onion Concentrate,,
ROH1,APSV0090,농산가공식품,Agri Processed,양념채소가공,Aromatic Vegetables,대파페이스트,Green Onion Paste,,
ROH1,APSV0100,농산가공식품,Agri Processed,양념채소가공,Aromatic Vegetables,생강분말,Ginger Powder,,
ROH1,APSV0110,농산가공식품,Agri Processed,양념채소가공,Aromatic Vegetables,생강농축액,Ginger Concentrate,,
ROH1,APSV0120,농산가공식품,Agri Processed,양념채소가공,Aromatic Vegetables,생강페이스트,Ginger Paste,,
ROH1,APSV9990,농산가공식품,Agri Processed,양념채소가공,Aromatic Vegetables,기타양념채소가공,Other Aromatic Veg,,
ROH1,BCAC0010,기초소재,Basic Chemicals,산류,Acids,인산,Phosphoric Acid,,
ROH1,BCAC0020,기초소재,Basic Chemicals,산류,Acids,염산,Hydrochloric Acid,,
ROH1,BCAC0030,기초소재,Basic Chemicals,산류,Acids,질산,Nitric Acid,,
ROH1,BCAC0040,기초소재,Basic Chemicals,산류,Acids,황산,Sulfuric Acid,,
ROH1,BCAC0050,기초소재,Basic Chemicals,산류,Acids,붕산,Boric Acid,,
ROH1,BCAL0010,기초소재,Basic Chemicals,염기,Alkalis,가성소다 (액상),Caustic Soda (Liq),,
ROH1,BCAL0020,기초소재,Basic Chemicals,염기,Alkalis,가성소다 (고상),Caustic Soda (Sol),,
ROH1,BCAL0030,기초소재,Basic Chemicals,염기,Alkalis,수산화칼륨,Potassium Hydroxide,,
ROH1,BCAL0040,기초소재,Basic Chemicals,염기,Alkalis,수산화칼슘,Calcium Hydroxide,,
ROH1,BCAL0050,기초소재,Basic Chemicals,염기,Alkalis,수산화칼륨 (액상),Potassium Hydroxide (Liq),,
ROH1,BCAL0060,기초소재,Basic Chemicals,염기,Alkalis,수산화칼륨 (고상),Potassium Hydroxide (Sol),,
ROH1,BCER0010,기초소재,Basic Chemicals,이온교환수지,Ion Exchange Resins,양이온수지,Cation Resin,,
ROH1,BCER0020,기초소재,Basic Chemicals,이온교환수지,Ion Exchange Resins,음이온수지,Anion Resin,,
ROH1,BCFT0010,기초소재,Basic Chemicals,여과보조제,Filtration Aids,활성탄,Activated Carbon,,
ROH1,BCFT0020,기초소재,Basic Chemicals,여과보조제,Filtration Aids,규조토,Diatomite,,
ROH1,BCFT0030,기초소재,Basic Chemicals,여과보조제,Filtration Aids,백토,Bleaching Earth,,
ROH1,BCFT0040,기초소재,Basic Chemicals,여과보조제,Filtration Aids,펄라이트,Perlite,,
ROH1,BCFT0050,기초소재,Basic Chemicals,여과보조제,Filtration Aids,메쉬,Mesh,,
ROH1,BCMI0010,기초소재,Basic Chemicals,광물&무기물,Minerals&Inorganics,암모니아,Ammonia,,
ROH1,BCMI0020,기초소재,Basic Chemicals,광물&무기물,Minerals&Inorganics,질소,Nitrogen,,
ROH1,BCMI0030,기초소재,Basic Chemicals,광물&무기물,Minerals&Inorganics,아연,Zinc,,
ROH1,BCMI0040,기초소재,Basic Chemicals,광물&무기물,Minerals&Inorganics,몰리브덴산염,Molybdate,,
ROH1,BCMI0050,기초소재,Basic Chemicals,광물&무기물,Minerals&Inorganics,헵타몰리브덴산 암모늄,Ammonium Heptamolybdate,,
ROH1,BCMI0060,기초소재,Basic Chemicals,광물&무기물,Minerals&Inorganics,유황,Sulfur,,
ROH1,BCOR0010,기초소재,Basic Chemicals,산화&환원제,Oxidizers&Reducers,메타중아황산나트륨,Sodium Metabisulfite,,
ROH1,BCOR0020,기초소재,Basic Chemicals,산화&환원제,Oxidizers&Reducers,차아염소산나트륨,Sodium Hypochlorite,,
ROH1,BCOR0030,기초소재,Basic Chemicals,산화&환원제,Oxidizers&Reducers,아황산수소나트륨,Sodium Bisulfite,,
ROH1,BCOT0010,기초소재,Basic Chemicals,기타 케미컬류,Others,메탄티올,Methanethiol,,
ROH1,BCSA0010,기초소재,Basic Chemicals,염류,Salts,황산구리,Copper Sulfate,,
ROH1,BCSA0020,기초소재,Basic Chemicals,염류,Salts,황산철,Ferrous Sulfate,,
ROH1,BCSA0030,기초소재,Basic Chemicals,염류,Salts,황산망간,Manganese Sulfate,,
ROH1,BCSA0040,기초소재,Basic Chemicals,염류,Salts,황산마그네슘,Magnesium Sulfate,,
ROH1,BCSA0050,기초소재,Basic Chemicals,염류,Salts,황산칼슘,Calcium Sulfate,,
ROH1,BCSA0060,기초소재,Basic Chemicals,염류,Salts,황산칼륨,Potassium Sulfate,,
ROH1,BCSA0070,기초소재,Basic Chemicals,염류,Salts,염화코발트,Cobalt Chloride,,
ROH1,BCSA0080,기초소재,Basic Chemicals,염류,Salts,황산암모늄,Ammonium Sulfate,,
ROH1,BCSA0090,기초소재,Basic Chemicals,염류,Salts,염화칼슘,Calcium Chloride,,
ROH1,BCSA0100,기초소재,Basic Chemicals,염류,Salts,염화나트륨,Sodium Chloride,,
ROH1,BCSA0110,기초소재,Basic Chemicals,염류,Salts,일인산칼륨,Monopotassium Phosphate,,
ROH1,BCSA0120,기초소재,Basic Chemicals,염류,Salts,Sodium Polyphosphate,Sodium Polyphosphate,,
ROH1,BCSA0130,기초소재,Basic Chemicals,염류,Salts,인산암모늄,Ammonium Phosphate,,
ROH1,BCSA0140,기초소재,Basic Chemicals,염류,Salts,이인산칼륨,Dipotassium Phosphate,,
ROH1,BCSA0150,기초소재,Basic Chemicals,염류,Salts,헥사메타인산나트륨,Sodium Hexametaphosphate,,
ROH1,BCSA0160,기초소재,Basic Chemicals,염류,Salts,시트르산삼나트륨,Trisodium Citrate,,
ROH1,BCSA0170,기초소재,Basic Chemicals,염류,Salts,황산아연,Zinc Sulfate,,
ROH1,BCSA0180,기초소재,Basic Chemicals,염류,Salts,염화암모늄,Ammonium Chloride,,
ROH1,BCSA0190,기초소재,Basic Chemicals,염류,Salts,구연산나트륨,Sodium Citrate,,
ROH1,BCSA0200,기초소재,Basic Chemicals,염류,Salts,황산알루미늄칼륨,Potassium Aluminum Sulfate,,
ROH1,BCSL0010,기초소재,Basic Chemicals,용제,Solvents,자일렌,Xylene,,
ROH1,BCSL0020,기초소재,Basic Chemicals,용제,Solvents,에탄올,Ethanol,,
ROH1,BCSL0030,기초소재,Basic Chemicals,용제,Solvents,모노에틸렌글리콜,Monoethylene Glycol,,
ROH1,CDCS0010,조미식품,Condiments,복합조미,Compound Seasoning,시즈닝류,Seasonings,,
ROH1,CDDS0010,조미식품,Condiments,드레싱&소스,Dressing&Sauce,케첩,Ketchup,,
ROH1,CDDS0020,조미식품,Condiments,드레싱&소스,Dressing&Sauce,마요네즈,Mayonnaise,,
ROH1,CDDS0030,조미식품,Condiments,드레싱&소스,Dressing&Sauce,양념장,Seasoning Sauce,,
ROH1,CDDS0040,조미식품,Condiments,드레싱&소스,Dressing&Sauce,짜장&춘장,Jjajang&Chunjang,,
ROH1,CDDS0050,조미식품,Condiments,드레싱&소스,Dressing&Sauce,카레소스,Curry Sauce,,
ROH1,CDDS0060,조미식품,Condiments,드레싱&소스,Dressing&Sauce,액당&시럽류,Liquid Sugar&Syrups,,
ROH1,CDDS9990,조미식품,Condiments,드레싱&소스,Dressing&Sauce,기타드레싱&소스류,Other Dressing&Sauce,,
ROH1,CDFM0010,조미식품,Condiments,장류,Fermented Sauces ,간장,Soy Sauce,,
ROH1,CDFM0011,조미식품,Condiments,장류,Fermented Sauces ,간장,Soy Sauce,양조간장,Soy Sauce (Brewed)
ROH1,CDFM0012,조미식품,Condiments,장류,Fermented Sauces ,간장,Soy Sauce,진간장,Soy Sauce (Dark)
ROH1,CDFM0013,조미식품,Condiments,장류,Fermented Sauces ,간장,Soy Sauce,국간장,Soy Sauce (Light)
ROH1,CDFM0014,조미식품,Condiments,장류,Fermented Sauces ,간장,Soy Sauce,혼합간장,Soy Sauce (Blended)
ROH1,CDFM0020,조미식품,Condiments,장류,Fermented Sauces ,고추장,Red Chili Paste,,
ROH1,CDFM0030,조미식품,Condiments,장류,Fermented Sauces ,된장,Soybean Paste ,,
ROH1,CDFM0040,조미식품,Condiments,장류,Fermented Sauces ,쌈장,Ssamjang,,
ROH1,CDFM0050,조미식품,Condiments,장류,Fermented Sauces ,청국장&메주,Fermented Soybean ,,
ROH1,CDFM9990,조미식품,Condiments,장류,Fermented Sauces ,기타장류,Other Fermented Sauces,,
ROH1,CDOT0010,조미식품,Condiments,기타조미식품,Others,식초,Vinegar,,
ROH1,CDOT9990,조미식품,Condiments,기타조미식품,Others,기타조미식품,Other Condiments,,
ROH1,CDSA0010,조미식품,Condiments,소금류,Salt ,꽃소금,Flower Salt,,
ROH1,CDSA0020,조미식품,Condiments,소금류,Salt ,맛소금,Flavored Salt,,
ROH1,CDSA0030,조미식품,Condiments,소금류,Salt ,재제염,Recrystallized Salt,,
ROH1,CDSA0040,조미식품,Condiments,소금류,Salt ,정제염,Refined Salt,,
ROH1,CDSA0050,조미식품,Condiments,소금류,Salt ,천일염,Sea Salt,,
ROH1,CDSA0060,조미식품,Condiments,소금류,Salt ,암염,Rock Salt,,
ROH1,CDSA9990,조미식품,Condiments,소금류,Salt ,기타소금류,Other Salt ,,
ROH1,CDSP0010,조미식품,Condiments,향신료,Spices,후추,Black Pepper,,
ROH1,CDSP0020,조미식품,Condiments,향신료,Spices,겨자,Mustard,,
ROH1,CDSP0030,조미식품,Condiments,향신료,Spices,계피,Cinnamon,,
ROH1,CDSP0040,조미식품,Condiments,향신료,Spices,와사비,Wasabi,,
ROH1,CDSP0050,조미식품,Condiments,향신료,Spices,카레분,Curry Powder,,
ROH1,CDSP0060,조미식품,Condiments,향신료,Spices,올레오레진,Oleoresin,,
ROH1,CDSP9990,조미식품,Condiments,향신료,Spices,기타향신료,Other Spices,,
ROH1,FACO0010,첨가물,Food Additives,색조정제,Colors,착색료,Coloring Agent,,
ROH1,FACO0020,첨가물,Food Additives,색조정제,Colors,탈색제,Decolorizing Agent,,
ROH1,FACO0030,첨가물,Food Additives,색조정제,Colors,발색제,Color Fixative,,
ROH1,FAFO0010,첨가물,Food Additives,맛&향조정제,Flavors,향료,Flavoring Agent,,
ROH1,FAFO0020,첨가물,Food Additives,맛&향조정제,Flavors,향미증진제,Flavour Enhancer,,
ROH1,FAFO0021,첨가물,Food Additives,맛&향조정제,Flavors,향미증진제,Flavour Enhancer,치킨향,Chicken Flavor
ROH1,FAFO0030,첨가물,Food Additives,맛&향조정제,Flavors,알콜류,Alcohols,,
ROH1,FAFO0040,첨가물,Food Additives,맛&향조정제,Flavors,효모추출물,Yeast Extract,,
ROH1,FAFO0050,첨가물,Food Additives,맛&향조정제,Flavors,MSG,MSG,,
ROH1,FAFO0060,첨가물,Food Additives,맛&향조정제,Flavors,I+G 핵산조미료,Inosinate+Guanylate,,
ROH1,FAFO0070,가공보조제,Processing Aids,바이오 기반,Bio-Based,효소제,Enzyme Preparations,,
ROH1,FAFO0080,첨가물,Food Additives,맛&향조정제,Flavors,감미료,Sweetener,,
ROH1,FAIM0010,첨가물,Food Additives,개선제,Improver,염지제,Curing Agent,,
ROH1,FAIM0020,첨가물,Food Additives,개선제,Improver,개량제,Improver,,
ROH1,FAIM0030,첨가물,Food Additives,개선제,Improver,유화제,Emulsifier,,
ROH1,FAIM0040,첨가물,Food Additives,개선제,Improver,증점제&결착제,Thickener&Binder,,
ROH1,FAIM0050,첨가물,Food Additives,개선제,Improver,팽창제&효모,Leavening Agent&Yeast,,
ROH1,FAIM0060,첨가물,Food Additives,개선제,Improver,겔 형성제,Gel Forming Agent,,
ROH1,FAIM0070,첨가물,Food Additives,개선제,Improver,생물학적 발효,Leavening Biological,,
ROH1,FAIM0080,첨가물,Food Additives,개선제,Improver,베이킹파우더,Baking Powder,,
ROH1,FAIM0090,첨가물,Food Additives,개선제,Improver,응고제,Coagulant,,
ROH1,FANE0010,첨가물,Food Additives,영양강화제,Nutrition,비타민,Vitamin,,
ROH1,FANE0020,첨가물,Food Additives,영양강화제,Nutrition,콜라겐,Collagen,,
ROH1,FANE9990,첨가물,Food Additives,영양강화제,Nutrition,기타영양강화제,Other Nutritional Enhancer,,
ROH1,FAOT9990,첨가물,Food Additives,기타첨가물,Others,기타식품첨가물,Other Food Additives,,
ROH1,FASB0010,첨가물,Food Additives,안정화제,Stabilizer,보존제,Preservative,,
ROH1,FASB0020,첨가물,Food Additives,안정화제,Stabilizer,산화방지제,Antioxidant,,
ROH1,FASB0030,첨가물,Food Additives,안정화제,Stabilizer,산도조절제,Acidity Regulator,,
ROH1,FASB0040,첨가물,Food Additives,안정화제,Stabilizer,항균제,Antimicrobial Agent,,
ROH1,FASB9990,첨가물,Food Additives,안정화제,Stabilizer,기타안정화제,Other Stabilizer,,
ROH1,FUAN0010,기능성소재,Functional Ingredients,항생제,Antibiotics,스트렙토마이신,Streptomycin,,
ROH1,FUFC0010,기능성소재,Functional Ingredients,기능성 성분,Functional Compounds,피트산,Phytic Acid,,
ROH1,FUFC0020,기능성소재,Functional Ingredients,기능성 성분,Functional Compounds,베타인,Betaine,,
ROH1,FUFC0030,기능성소재,Functional Ingredients,기능성 성분,Functional Compounds,P아미노벤조산,Paba,,
ROH1,FUND0010,기능성소재,Functional Ingredients,핵산&뉴클레오타이드,Nucleotides&Derivatives,아데닌,Adenine,,
ROH1,FUND0020,기능성소재,Functional Ingredients,핵산&뉴클레오타이드,Nucleotides&Derivatives,구아닌,Guanine,,
ROH1,FUND0030,기능성소재,Functional Ingredients,핵산&뉴클레오타이드,Nucleotides&Derivatives,Adenosine,Adenosine,,
ROH1,FUND0040,기능성소재,Functional Ingredients,핵산&뉴클레오타이드,Nucleotides&Derivatives,Guanosine,Guanosine,,
ROH1,FUOA0010,기능성소재,Functional Ingredients,유기산류,Organic Acids,사과산,Malic Acid,,
ROH1,FUOA0020,기능성소재,Functional Ingredients,유기산류,Organic Acids,석신산,Succinic Acid,,
ROH1,FUPA0010,기능성소재,Functional Ingredients,단백질&아미노산군,Proteins&Amino Acids,펩톤,Peptone,,
ROH1,FUPA0020,기능성소재,Functional Ingredients,단백질&아미노산군,Proteins&Amino Acids,알라닌,Alanine,,
ROH1,FUPA0030,기능성소재,Functional Ingredients,단백질&아미노산군,Proteins&Amino Acids,히스티딘,Histidine,,
ROH1,FUPA0040,기능성소재,Functional Ingredients,단백질&아미노산군,Proteins&Amino Acids,시스테인,Cysteine,,
ROH1,FUPA0050,기능성소재,Functional Ingredients,단백질&아미노산군,Proteins&Amino Acids,페닐알라닌,Phenylalanine,,
ROH1,FUPA0060,기능성소재,Functional Ingredients,단백질&아미노산군,Proteins&Amino Acids,티로신,Tyrosine,,
ROH1,FUPA0070,기능성소재,Functional Ingredients,단백질&아미노산군,Proteins&Amino Acids,이소류신,Isoleucine,,
ROH1,FUPA0080,기능성소재,Functional Ingredients,단백질&아미노산군,Proteins&Amino Acids,메치오닌,Methionine,,
ROH1,FUPA0090,농산가공식품,Agri Processed,단백질&아미노산군,Proteins&Amino Acids,옥수수 침지액,CSL,,
ROH1,FUVI0010,기능성소재,Functional Ingredients,비타민류,Vitamins,니코티나마이드,Niacinamide,,
ROH1,FUVI0020,기능성소재,Functional Ingredients,비타민류,Vitamins,티아민,Thiamine,,
ROH1,FUVI0030,기능성소재,Functional Ingredients,비타민류,Vitamins,바이오틴,Biotin,,
ROH1,FUVI0040,기능성소재,Functional Ingredients,비타민류,Vitamins,피리독살인산,Pyridoxal Phosphate,,
ROH1,FUVI0050,기능성소재,Functional Ingredients,비타민류,Vitamins,판토텐산칼슘,Calcium Pantothenate,,
ROH1,GIDL0010,김,Gim,마른김,Dried Laver,돌김,Stone Laver,,
ROH1,GIDL0020,김,Gim,마른김,Dried Laver,재래김,Traditional Laver,,
ROH1,GIDL0030,김,Gim,마른김,Dried Laver,재래돌김,Traditional Stone Laver,,
ROH1,GIDL0040,김,Gim,마른김,Dried Laver,파래재래김,Green Laver Traditional Laver,,
ROH1,GIDL0050,김,Gim,마른김,Dried Laver,편김,Sheet Laver,,
ROH1,GIJB0010,김,Gim,자반,Jaban,파래자반,Dried Green Laver Seaweed Flakes,,
ROH1,GIJB0020,김,Gim,자반,Jaban,돌김자반,Laver Flakes,,
ROH1,GIJB0030,김,Gim,자반,Jaban,재래돌김자반,Traditional Laver Flakes,,
ROH1,GIOT9990,김,Gim,김가공,Laver,기타김가공,Other Processed Laver,,
ROH1,LLBF0010,축산물,Livestock,우육,Beef,갈비,Ribs,,
ROH1,LLBF0011,축산물,Livestock,우육,Beef,갈비,Ribs,갈비 (한국산),Ribs (KR)
ROH1,LLBF0020,축산물,Livestock,우육,Beef,꼬리,Tail,,
ROH1,LLBF0021,축산물,Livestock,우육,Beef,꼬리,Tail,꼬리 (한국산),Tail (KR)
ROH1,LLBF0030,축산물,Livestock,우육,Beef,쇠목심,Neck&Chuck Roll,,
ROH1,LLBF0031,축산물,Livestock,우육,Beef,쇠목심,Neck&Chuck Roll,목심 (한국산),Neck&Chuck Roll (KR)
ROH1,LLBF0040,축산물,Livestock,우육,Beef,백립,Back Ribs,,
ROH1,LLBF0041,축산물,Livestock,우육,Beef,백립,Back Ribs,백립 (한국산),Back Ribs (KR)
ROH1,LLBF0050,축산물,Livestock,우육,Beef,볼살,Cheek Meat,,
ROH1,LLBF0051,축산물,Livestock,우육,Beef,볼살,Cheek Meat,볼살 (한국산),Cheek Meat (KR)
ROH1,LLBF0060,축산물,Livestock,우육,Beef,사태,Shank,,
ROH1,LLBF0061,축산물,Livestock,우육,Beef,사태,Shank,사태 (한국산),Shank (KR)
ROH1,LLBF0070,축산물,Livestock,우육,Beef,숏립,Short Ribs,,
ROH1,LLBF0071,축산물,Livestock,우육,Beef,숏립,Short Ribs,숏립 (한국산),Short Ribs (KR)
ROH1,LLBF0080,축산물,Livestock,우육,Beef,스지,Tendon,,
ROH1,LLBF0081,축산물,Livestock,우육,Beef,스지,Tendon,스지 (한국산),Tendon (KR)
ROH1,LLBF0090,축산물,Livestock,우육,Beef,안심,Tenderloin,,
ROH1,LLBF0091,축산물,Livestock,우육,Beef,안심,Tenderloin,안심 (한국산),Tenderloin (KR)
ROH1,LLBF0100,축산물,Livestock,우육,Beef,양지,Brisket,,
ROH1,LLBF0101,축산물,Livestock,우육,Beef,양지,Brisket,양지 (한국산),Brisket (KR)
ROH1,LLBF0110,축산물,Livestock,우육,Beef,우둔,Round,,
ROH1,LLBF0111,축산물,Livestock,우육,Beef,우둔,Round,우둔 (한국산),Round (KR)
ROH1,LLBF0120,축산물,Livestock,우육,Beef,우정육,Beef Trimmings,,
ROH1,LLBF0121,축산물,Livestock,우육,Beef,우정육,Beef Trimmings,우정육 (한국산),Beef Trimmings (KR)
ROH1,LLBF0130,축산물,Livestock,우육,Beef,우지방,Beef Fat&Tallow,,
ROH1,LLBF0131,축산물,Livestock,우육,Beef,우지방,Beef Fat&Tallow,우지방 (한국산),Beef Fat&Tallow (KR)
ROH1,LLBF0140,축산물,Livestock,우육,Beef,전각,Forequarter,,
ROH1,LLBF0141,축산물,Livestock,우육,Beef,전각,Forequarter,전각 (한국산),Forequarter (KR)
ROH1,LLBF0150,축산물,Livestock,우육,Beef,척숏립,Chuck Short Ribs,,
ROH1,LLBF0151,축산물,Livestock,우육,Beef,척숏립,Chuck Short Ribs,척숏립 (한국산),Chuck Short Ribs (KR)
ROH1,LLBF0160,축산물,Livestock,우육,Beef,치마살,Skirt Steak,,
ROH1,LLBF0161,축산물,Livestock,우육,Beef,치마살,Skirt Steak,치마살 (한국산),Skirt Steak (KR)
ROH1,LLBF0180,축산물,Livestock,우육,Beef,다짐육,Minced Beef,,
ROH1,LLBF9990,축산물,Livestock,우육,Beef,기타우육,Other Beef,,
ROH1,LLBF9991,축산물,Livestock,우육,Beef,기타우육,Other Beef,기타우육 (한국산),Other Beef (KR)
ROH1,LLCK9990,축산물,Livestock,계육,Chicken,기타계육,Poultry Others,,
ROH1,LLCKB010,축산물,Livestock,계육-육계,Chicken-Broiler,육계 가슴살,Broiler Breast,,
ROH1,LLCKB011,축산물,Livestock,계육-육계,Chicken-Broiler,육계 가슴살,Breast,육계 가슴살-규격,Broiler Breast (Sized)
ROH1,LLCKB012,축산물,Livestock,계육-육계,Chicken-Broiler,육계 가슴살,Breast,육계 가슴살-비규격,Broiler Breast (Unsized)
ROH1,LLCKB013,축산물,Livestock,계육-육계,Chicken-Broiler,육계 가슴살,Breast,육계 가슴살-검역,Broiler Breast (Quarantine)
ROH1,LLCKB014,축산물,Livestock,계육-육계,Chicken-Broiler,육계 가슴살,Breast,육계 가슴살-태국산,Broiler Breast (TH)
ROH1,LLCKB015,축산물,Livestock,계육-육계,Chicken-Broiler,육계 가슴살,Breast,육계 가슴살-세절,Broiler Breast (Diced)
ROH1,LLCKB016,축산물,Livestock,계육-육계,Chicken-Broiler,육계 가슴살,Breast,육계 가슴살-트리밍,Broiler Breast (Trimming)
ROH1,LLCKB017,축산물,Livestock,계육-육계,Chicken-Broiler,육계 가슴살,Breast,육계 가슴살-가공,Broiler Breast (Processed)
ROH1,LLCKB020,축산물,Livestock,계육-육계,Chicken-Broiler,육계 부산물,Broiler By-Products,,
ROH1,LLCKB030,축산물,Livestock,계육-육계,Chicken-Broiler,육계 MDCM,Broiler Mdcm,,
ROH1,LLCKB040,축산물,Livestock,계육-육계,Chicken-Broiler,육계 다리살,Broiler Leg Meat,,
ROH1,LLCKB041,축산물,Livestock,계육-육계,Chicken-Broiler,육계 다리살,Leg Meat,육계 다리살 (한국산),Broiler Leg Meat (KR)
ROH1,LLCKB042,축산물,Livestock,계육-육계,Chicken-Broiler,육계 다리살,Leg Meat,육계 다리살 (브라질산),Broiler Leg Meat (BR)
ROH1,LLCKB043,축산물,Livestock,계육-육계,Chicken-Broiler,육계 다리살,Leg Meat,육계 다리살 (태국산),Broiler Leg Meat (TH)
ROH1,LLCKB044,축산물,Livestock,계육-육계,Chicken-Broiler,육계 다리살,Leg Meat,육계 다리살 (기타),Broiler Leg Meat (OTH)
ROH1,LLCKB045,축산물,Livestock,계육-육계,Chicken-Broiler,육계 다리살,Leg Meat,북채살,Drumstick Meat
ROH1,LLCKB046,축산물,Livestock,계육-육계,Chicken-Broiler,육계 다리살,Leg Meat,싸이정육,Thigh Meat
ROH1,LLCKB047,축산물,Livestock,계육-육계,Chicken-Broiler,육계 다리살,Leg Meat,통정육,Whole Leg Meat
ROH1,LLCKB050,축산물,Livestock,계육-육계,Chicken-Broiler,육계 윙,Broiler Mid Joint Wing,,
ROH1,LLCKB060,축산물,Livestock,계육-육계,Chicken-Broiler,육계 봉,Broiler Drumette,,
ROH1,LLCKB070,축산물,Livestock,계육-육계,Chicken-Broiler,육계 안심,Broiler Tender,,
ROH1,LLCKBB10,축산물,Livestock,계육-종계,Chicken-Broiler Breeder,종계 가슴살,Broiler Breeder Breast,,
ROH1,LLCKBB20,축산물,Livestock,계육-종계,Chicken-Broiler Breeder,종계 정육,Broiler Breeder Meat,,
ROH1,LLCKBB30,축산물,Livestock,계육-종계,Chicken-Broiler Breeder,종계 MDCM,Broiler Breede Mdcm,,
ROH1,LLCKSH10,축산물,Livestock,계육-노계,Chicken-Spend Hen,산란노계 가슴살,Spent Hen Breast,,
ROH1,LLCKSH20,축산물,Livestock,계육-노계,Chicken-Spend Hen,산란노계 계정육,Spent Hen Meat,,
ROH1,LLEG0010,축산물,Livestock,계란,Egg,브랜드란,Branded Eggs,,
ROH1,LLEG0011,축산물,Livestock,계란,Egg,브랜드란,Branded Eggs,동물복지란,Animal Welfare Eggs
ROH1,LLEG0020,축산물,Livestock,계란,Egg,가공란,Processed Eggs,,
ROH1,LLEG0021,축산물,Livestock,계란,Egg,가공란,Processed Eggs,훈제란,Smoked Eggs
ROH1,LLEG0022,축산물,Livestock,계란,Egg,가공란,Processed Eggs,구운란,Baked Eggs
ROH1,LLEG0023,축산물,Livestock,계란,Egg,가공란,Processed Eggs,반숙란,Soft Boiled Eggs
ROH1,LLEG0024,축산물,Livestock,계란,Egg,가공란,Processed Eggs,깐계란,Peeled Boiled Eggs
ROH1,LLEG0025,축산물,Livestock,계란,Egg,가공란,Processed Eggs,깐메추리알,Peeled Boiled Quail Eggs
ROH1,LLEG0030,축산물,Livestock,계란,Egg,판란,30 Eggs Tray,,
ROH1,LLOT0010,축산물,Livestock,기타축산물,Others,밀키트축산,Meal Kit Livestock,,
ROH1,LLOT0020,축산물,Livestock,기타축산물,Others,칠면조,Turkey ,,
ROH1,LLOT0030,축산물,Livestock,기타축산물,Others,오리,Duck,,
ROH1,LLOT9990,축산물,Livestock,기타축산물,Others,기타축산물,Other Livestock,,
ROH1,LLPK0010,축산물,Livestock,돈육,Pork,경제성원료,Economical Raw Materials,,
ROH1,LLPK0020,축산물,Livestock,돈육,Pork,돈육트리밍,Pork Trimming,,
ROH1,LLPK0030,축산물,Livestock,돈육,Pork,돈등심,Pork Loin,,
ROH1,LLPK0040,축산물,Livestock,돈육,Pork,지방,Pork Fat,,
ROH1,LLPK0050,축산물,Livestock,돈육,Pork,등갈비,Pork Back Ribs,,
ROH1,LLPK0060,축산물,Livestock,돈육,Pork,모돈,Sow Meat,,
ROH1,LLPK0070,축산물,Livestock,돈육,Pork,모돈갈비,Sow Ribs,,
ROH1,LLPK0080,축산물,Livestock,돈육,Pork,돈목살,Pork Collar,,
ROH1,LLPK0090,축산물,Livestock,돈육,Pork,목전지,Boston Butt,,
ROH1,LLPK0100,축산물,Livestock,돈육,Pork,부산물,By-Products,,
ROH1,LLPK0110,축산물,Livestock,돈육,Pork,삼겹,Pork Belly,,
ROH1,LLPK0120,축산물,Livestock,돈육,Pork,삼겹트리밍,Pork Belly Trimming,,
ROH1,LLPK0130,축산물,Livestock,돈육,Pork,세절삼겹,Sliced Pork Belly,,
ROH1,LLPK0140,축산물,Livestock,돈육,Pork,전지,Pork Shoulder Picnic,,
ROH1,LLPK0150,축산물,Livestock,돈육,Pork,후지,Pork Ham,,
ROH1,LLPK0160,축산물,Livestock,돈육,Pork,특수후지,Special Ham,,
ROH1,LLPK0170,축산물,Livestock,돈육,Pork,쿠션미트,Cushion Meat,,
ROH1,LLPK0180,축산물,Livestock,돈육,Pork,세절전지,Sliced Pork Shoulder,,
ROH1,LLPK0190,축산물,Livestock,돈육,Pork,세절후지,Sliced Pork Ham,,
ROH1,LLPK9990,축산물,Livestock,돈육,Pork,기타돈육,Pork Others,,
ROH1,LPBF0010,축산가공식품,Livestock Processed,우육가공,Beef,소고기엑기스,Beef Extract,,
ROH1,LPBF0020,축산가공식품,Livestock Processed,우육가공,Beef,소뼈추출물,Beef Bone Extract,,
ROH1,LPBF0030,축산가공식품,Livestock Processed,우육가공,Beef,소고기분말,Beef Powder,,
ROH1,LPBF0040,축산가공식품,Livestock Processed,우육가공,Beef,소고기육수,Beef Broth,,
ROH1,LPBF0050,축산가공식품,Livestock Processed,우육가공,Beef,우지,Beef Tallow,,
ROH1,LPBF9990,축산가공식품,Livestock Processed,우육가공,Beef,기타우육가공,Other Processed Beef,,
ROH1,LPCK0010,축산가공식품,Livestock Processed,계육가공,Chicken,치킨스톡&엑기스,Chicken Stock&Extract,,
ROH1,LPCK0020,축산가공식품,Livestock Processed,계육가공,Chicken,치킨분말,Chicken Powder,,
ROH1,LPCK0030,축산가공식품,Livestock Processed,계육가공,Chicken,익힌 치킨,Cooked Chicken,,
ROH1,LPCK9990,축산가공식품,Livestock Processed,계육가공,Chicken,기타계육가공,Other Processed Chicken,,
ROH1,LPDA0010,축산가공식품,Livestock Processed,유가공,Dairy Products,버터,Butter,,
ROH1,LPDA0020,축산가공식품,Livestock Processed,유가공,Dairy Products,우유,Milk,,
ROH1,LPDA0030,축산가공식품,Livestock Processed,유가공,Dairy Products,유청분말,Whey Powder,,
ROH1,LPDA0040,축산가공식품,Livestock Processed,유가공,Dairy Products,유크림,Dairy Cream,,
ROH1,LPDA0050,축산가공식품,Livestock Processed,유가공,Dairy Products,탈지분유,Skimmed Milk Powder,,
ROH1,LPDA0060,축산가공식품,Livestock Processed,유가공,Dairy Products,혼합탈지분유,Mixed Skimmed Milk Powder,,
ROH1,LPDA0070,축산가공식품,Livestock Processed,유가공,Dairy Products,전지분유,Whole Milk Powder,,
ROH1,LPDA0080,축산가공식품,Livestock Processed,유가공,Dairy Products,치즈,Cheese,,
ROH1,LPDA9990,축산가공식품,Livestock Processed,유가공,Dairy Products,기타유가공,Other Dairy Products,,
ROH1,LPEG0010,축산가공식품,Livestock Processed,난가공,Eggs,전란액,Liquid Whole Egg,,
ROH1,LPEG0020,축산가공식품,Livestock Processed,난가공,Eggs,전란분,Whole Egg Powder,,
ROH1,LPEG0030,축산가공식품,Livestock Processed,난가공,Eggs,난백,Egg White,,
ROH1,LPEG0040,축산가공식품,Livestock Processed,난가공,Eggs,난황,Egg Yolk,,
ROH1,LPEG0050,축산가공식품,Livestock Processed,난가공,Eggs,스크램블에그,Scrambled Egg,,
ROH1,LPEG0060,축산가공식품,Livestock Processed,난가공,Eggs,지단,Egg Garnish,,
ROH1,LPEG9990,축산가공식품,Livestock Processed,난가공,Eggs,기타계란가공,Other Processed Eggs,,
ROH1,LPOT9990,축산가공식품,Livestock Processed,기타축산가공,Others,기타축산가공,Other Livestock Processed,,
ROH1,LPPK0010,축산가공식품,Livestock Processed,돈육가공,Pork,돈육엑기스,Pork Extract,,
ROH1,LPPK0020,축산가공식품,Livestock Processed,돈육가공,Pork,순대,Korean Blood Sausage,,
ROH1,LPPK0030,축산가공식품,Livestock Processed,돈육가공,Pork,편육,Pressed Pork,,
ROH1,LPPK0040,축산가공식품,Livestock Processed,돈육가공,Pork,햄&소시지,Ham&Sausage,,
ROH1,LPPK0050,축산가공식품,Livestock Processed,돈육가공,Pork,베이컨,Bacon,,
ROH1,LPPK0060,축산가공식품,Livestock Processed,돈육가공,Pork,돈지,Lard,,
ROH1,LPPK9990,축산가공식품,Livestock Processed,돈육가공,Pork,기타돈육가공,Other Processed Pork,,
ROH1,LQDI0010,주류,Liquor,증류주,Distilled Liquor,소주,Soju,,
ROH1,LQDI0011,주류,Liquor,증류주,Distilled Liquor,소주,Soju,오크숙성 소주,Oak Aged Soju
ROH1,LQDI0012,주류,Liquor,증류주,Distilled Liquor,소주,Soju,옹기숙성 소주,Earthen Pot Aged Soju
ROH1,LQDI0013,주류,Liquor,증류주,Distilled Liquor,소주,Soju,소주 원액,Raw Soju
ROH1,LQDI0020,주류,Liquor,증류주,Distilled Liquor,위스키,Whiskey,,
ROH1,LQDI0030,주류,Liquor,증류주,Distilled Liquor,브랜디,Brandy,,
ROH1,LQDI0040,주류,Liquor,증류주,Distilled Liquor,일반증류주,Other Distilled Liquors,,
ROH1,LQDI0041,주류,Liquor,증류주,Distilled Liquor,일반증류주,Other,사과 증류주,Distilled Apple Liquor
ROH1,LQDI0042,주류,Liquor,증류주,Distilled Liquor,일반증류주,Other,배 증류주,Distilled Pear Liquor
ROH1,LQDI0043,주류,Liquor,증류주,Distilled Liquor,일반증류주,Other,감귤 증류주,Distilled Tangerine Liquor
ROH1,LQDI0044,주류,Liquor,증류주,Distilled Liquor,일반증류주,Other,매실 증류주,Distilled Plum Liquor
ROH1,LQDI0050,주류,Liquor,증류주,Distilled Liquor,리큐르,Liqueur,,
ROH1,LQFE0010,주류,Liquor,발효주,Fermented Liquor,탁주,Unrefined Rice Wine,,
ROH1,LQFE0020,주류,Liquor,발효주,Fermented Liquor,약주,Korean Rice Wine,,
ROH1,LQFE0030,주류,Liquor,발효주,Fermented Liquor,청주,Japanese Rice Wine,,
ROH1,LQFE0040,주류,Liquor,발효주,Fermented Liquor,맥주,Beer,,
ROH1,LQFE0050,주류,Liquor,발효주,Fermented Liquor,과실주,Fruit Wine,,
ROH1,LQOT0010,주류,Liquor,기타주류,Others,혼성주,Compounded Liquor,,
ROH1,LQOT9990,주류,Liquor,기타주류,Others,기타주류,Other Liquors,,
ROH1,OCOT9990,기타 케미컬류,Other Chemicals,기타 케미컬류,Others,기타 케미컬류,Other Chemicals,,
ROH1,OPBA0010,기타가공식품,Other Processed Foods,제과제빵류,Bakery Products,빵류,Breads&Dough,,
ROH1,OPBV0010,기타가공식품,Other Processed Foods,음료류,Beverages,음료,Beverages,,
ROH1,OPCA0010,기타가공식품,Other Processed Foods,케이싱,Casings,천연장,Natural Casings,,
ROH1,OPCA0011,기타가공식품,Other Processed Foods,케이싱,Casings,천연장,Natural Casings,돈장,Pork Casing
ROH1,OPCA0012,기타가공식품,Other Processed Foods,케이싱,Casings,천연장,Natural Casings,양장,Lamb Casing
ROH1,OPCA0020,기타가공식품,Other Processed Foods,케이싱,Casings,콜라겐케이싱,Collagen Casings,,
ROH1,OPCA0040,기타가공식품,Other Processed Foods,케이싱,Casings,셀룰로즈,Cellulose Casing,,
ROH1,OPCA0050,기타가공식품,Other Processed Foods,케이싱,Casings,플라스틱케이싱,Plastic Casing,,
ROH1,OPCA0060,기타가공식품,Other Processed Foods,케이싱,Casings,화이브러스,Fibrous Casing,,
ROH1,OPCA9990,기타가공식품,Other Processed Foods,케이싱,Casings,기타케이싱,Other Casings,,
ROH1,OPOF0010,기타가공식품,Other Processed Foods,유지류,Oils And Fats,마가린,Margarine,,
ROH1,OPOF0020,기타가공식품,Other Processed Foods,유지류,Oils And Fats,쇼트닝,Shortening,,
ROH1,OPOF0030,기타가공식품,Other Processed Foods,유지류,Oils And Fats,올리브유,Olive Oil,,
ROH1,OPOF0040,기타가공식품,Other Processed Foods,유지류,Oils And Fats,포도씨유,Grape Seed Oil,,
ROH1,OPOF0050,기타가공식품,Other Processed Foods,유지류,Oils And Fats,카놀라유,Canola Oil,,
ROH1,OPOF0060,기타가공식품,Other Processed Foods,유지류,Oils And Fats,해바라기유,Sunflower Oil,,
ROH1,OPOF0070,기타가공식품,Other Processed Foods,유지류,Oils And Fats,참기름,Sesame Oil,,
ROH1,OPOF0080,기타가공식품,Other Processed Foods,유지류,Oils And Fats,들기름,Perilla Oil,,
ROH1,OPOF0090,기타가공식품,Other Processed Foods,유지류,Oils And Fats,콩기름,Soy Oil,,
ROH1,OPOF0100,기타가공식품,Other Processed Foods,유지류,Oils And Fats,옥수수유,Corn Oil,,
ROH1,OPOF0110,기타가공식품,Other Processed Foods,유지류,Oils And Fats,팜유&야자유,Palm Oil,,
ROH1,OPOF0120,기타가공식품,Other Processed Foods,유지류,Oils And Fats,옥배유,Corn Germ Oil,,
ROH1,OPOF0130,기타가공식품,Other Processed Foods,유지류,Oils And Fats,대두탈검유,Degummed Soybean Oil,,
ROH1,OPOF0140,기타가공식품,Other Processed Foods,유지류,Oils And Fats,팜올레인유,Palm Olein Oil,,
ROH1,OPOF0150,기타가공식품,Other Processed Foods,유지류,Oils And Fats,트러플향유,Truffle Oil,,
ROH1,OPOF0160,기타가공식품,Other Processed Foods,유지류,Oils And Fats,쌀눈유,Rice Bran Oil,,
ROH1,OPOF0170,기타가공식품,Other Processed Foods,유지류,Oils And Fats,조미유&향미유,Flavored Oil,,
ROH1,OPOF9990,기타가공식품,Other Processed Foods,유지류,Oils And Fats,기타유지류,R433Zz,,
ROH1,OPOT0010,기타가공식품,Other Processed Foods,기타가공식품,Others,당면,Glass Noodles,,
ROH1,OPOT0020,기타가공식품,Other Processed Foods,기타가공식품,Others,곤약,Konjac,,
ROH1,OPOT0030,기타가공식품,Other Processed Foods,기타가공식품,Others,꿀,Honey,,
ROH1,OPOT0040,기타가공식품,Other Processed Foods,기타가공식품,Others,프리믹스,Premix,,
ROH1,OPOT0050,기타가공식품,Other Processed Foods,기타가공식품,Others,라이스칩,Rice Chip,,
ROH1,OPOT0060,기타가공식품,Other Processed Foods,기타가공식품,Others,구성품,Product Components,,
ROH1,OPOT9990,기타가공식품,Other Processed Foods,기타가공식품,Others,기타가공식품,Other Processed Foods,,
ROH1,OPTE0010,기타가공식품,Other Processed Foods,차류,Type Of Tea,차,Tea,,
ROH1,PAAD0010,가공보조제,Processing Aids,첨가제,Additives,계면활성제,Surfactant,,
ROH1,PAAD0020,가공보조제,Processing Aids,첨가제,Additives,고결방지제,Anti-Caking Agent,,
ROH1,PAAD0030,가공보조제,Processing Aids,첨가제,Additives,CMC,Cmc,,
ROH1,PABB0010,가공보조제,Processing Aids,바이오 기반,Bio-Based,잔탄검,Xanthan Gum,,
ROH1,PABB0020,가공보조제,Processing Aids,바이오 기반,Bio-Based,이스트 (액상),Yeast (Liq),,
ROH1,PABB0030,가공보조제,Processing Aids,바이오 기반,Bio-Based,이스트 (고상),Yeast (Sol),,
ROH1,PABB0040,가공보조제,Processing Aids,바이오 기반,Bio-Based,이성화효소,Isomerase,,
ROH1,PABB0050,가공보조제,Processing Aids,바이오 기반,Bio-Based,Phytase,Phytase,,
ROH1,PABB0060,가공보조제,Processing Aids,바이오 기반,Bio-Based,Spezyme,Spezyme,,
ROH1,PABB0070,가공보조제,Processing Aids,바이오 기반,Bio-Based,당화효소,Amylase,,
ROH1,PAFA0010,가공보조제,Processing Aids,기능성 보조제,Functional Aids,PVP,PVP,,
ROH1,PAFA0020,가공보조제,Processing Aids,기능성 보조제,Functional Aids,소포제,Antifoam,,
ROH1,PAPS0010,가공보조제,Processing Aids,보존제,Preservatives,염화벤잘코늄,Benzalkonium Chloride,,
ROH1,PAPS0020,가공보조제,Processing Aids,보존제,Preservatives,살균제,Disinfectant,,
ROH1,PAPS0030,가공보조제,Processing Aids,보존제,Preservatives,SANISOL,Sanisol,,
ROH1,PARG0010,가공보조제,Processing Aids,조절제,Regulators,pH조절제,Ph Adjuster,,
ROH1,PARG0020,가공보조제,Processing Aids,조절제,Regulators,EDTA,EDTA,,
ROH1,PARG0030,가공보조제,Processing Aids,조절제,Regulators,에틸렌다이아민테트라아세트산,EDTA,,
ROH1,PASO0010,가공보조제,Processing Aids,용제,Solvents,제조용 Solvent,Manufacturing Solvent,,
ROH1,PASO0020,가공보조제,Processing Aids,용제,Solvents,추출용 Solvent,Extraction Solvent,,
ROH1,PSOT0010,공정부원료,Processing Materials,기타공정부원료,Others,아이스팩충전재,Icepack Filling,,
ROH1,PSOT9990,공정부원료,Processing Materials,기타공정부원료,Others,기타공정부원료,Other Processing Aids,,
ROH1,SPCS0010,수산가공식품,Seafood Processed,갑각류가공,Crustaceans,게 가공,Processed Crab,,
ROH1,SPCS0020,수산가공식품,Seafood Processed,갑각류가공,Crustaceans,새우가공,Processed Shrimp,,
ROH1,SPCS9990,수산가공식품,Seafood Processed,갑각류가공,Crustaceans,기타갑각류가공,Other Processed Crustaceans,,
ROH1,SPFS0010,수산가공식품,Seafood Processed,어류가공,Fish,가쓰오부시,Katsuobushi,,
ROH1,SPFS0020,수산가공식품,Seafood Processed,어류가공,Fish,조미생선,Seasoned Fish,,
ROH1,SPFS0030,수산가공식품,Seafood Processed,어류가공,Fish,생선추출물,Fish Extract,,
ROH1,SPFS0040,수산가공식품,Seafood Processed,어류가공,Fish,멸치분말,Anchovy Powder,,
ROH1,SPFS0050,수산가공식품,Seafood Processed,어류가공,Fish,멸치엑기스,Anchovy Extract,,
ROH1,SPFS0060,수산가공식품,Seafood Processed,어류가공,Fish,황태&명태가공,Processed Pollock,,
ROH1,SPFS0070,수산가공식품,Seafood Processed,어류가공,Fish,참치엑기스,Tuna Extract,,
ROH1,SPFS9990,수산가공식품,Seafood Processed,어류가공,Fish,기타어류가공,Other Processed Fish,,
ROH1,SPMO0010,수산가공식품,Seafood Processed,연체류가공,Mollusks,오징어가공,Processed Squid,,
ROH1,SPMO9990,수산가공식품,Seafood Processed,연체류가공,Mollusks,기타연체류가공,Other Processed Mollusks,,
ROH1,SPMX0010,수산가공식품,Seafood Processed,혼합해물,Mixed Seafood,혼합해물가공,Mixed Seafood Processed,,
ROH1,SPOT0010,수산가공식품,Seafood Processed,기타수산가공,Others,해물육수,Seafood Base Broth,,
ROH1,SPOT9990,수산가공식품,Seafood Processed,기타수산가공,Others,기타수산가공,Other Fishery Processed,,
ROH1,SPSC0010,수산가공식품,Seafood Processed,액젓,Fish Sauce,까나리액젓,Sand Lance Fish Sauce,,
ROH1,SPSC0020,수산가공식품,Seafood Processed,액젓,Fish Sauce,멸치액젓,Anchovy Fish Sauce,,
ROH1,SPSC0030,수산가공식품,Seafood Processed,액젓,Fish Sauce,새우액젓,Shrimp Fish Sauce,,
ROH1,SPSC9990,수산가공식품,Seafood Processed,액젓,Fish Sauce,기타액젓,Other Fish Sauce,,
ROH1,SPSF0010,수산가공식품,Seafood Processed,조개류가공,Shellfish,조개가공,Processed Shellfish,,
ROH1,SPSF0020,수산가공식품,Seafood Processed,조개류가공,Shellfish,굴가공,Processed Oyster,,
ROH1,SPSF0030,수산가공식품,Seafood Processed,조개류가공,Shellfish,바지락가공,Processed Clam,,
ROH1,SPSF9990,수산가공식품,Seafood Processed,조개류가공,Shellfish,기타조개류가공,Other Processed Shellfish,,
ROH1,SPSW0010,수산가공식품,Seafood Processed,해조류가공,Seaweed,다시마가공,Processed Kelp,,
ROH1,SPSW9990,수산가공식품,Seafood Processed,해조류가공,Seaweed,기타해조류가공,Other Processed Seaweed,,
ROH1,SSCR0010,수산물,Seafood,갑각류,Crustaceans,새우,Shrimp,,
ROH1,SSCR0011,수산물,Seafood,갑각류,Crustaceans,새우,Shrimp,흰다리새우,Vannamei (Whiteleg) 
ROH1,SSCR0012,수산물,Seafood,갑각류,Crustaceans,새우,Shrimp,홍새우,Red Shrimp
ROH1,SSCR0013,수산물,Seafood,갑각류,Crustaceans,새우,Shrimp,판달루스 냉수 새우,Pandalus Coldwater Shrimp
ROH1,SSCR0020,수산물,Seafood,갑각류,Crustaceans,게,Crab,,
ROH1,SSCR0030,수산물,Seafood,갑각류,Crustaceans,가재,Crayfish,,
ROH1,SSCR0040,수산물,Seafood,갑각류,Crustaceans,킹크랩,King Crab,,
ROH1,SSCR0050,수산물,Seafood,갑각류,Crustaceans,랍스터,Lobster,,
ROH1,SSCR9990,수산물,Seafood,갑각류,Crustaceans,기타갑각류,Other Crustaceans,,
ROH1,SSFS0010,수산물,Seafood,어류,Fish,갈치,Gizzard Shad,,
ROH1,SSFS0020,수산물,Seafood,어류,Fish,고등어,Mackerel,,
ROH1,SSFS0030,수산물,Seafood,어류,Fish,굴비,Gulbi,,
ROH1,SSFS0040,수산물,Seafood,어류,Fish,장어,Eel,,
ROH1,SSFS0050,수산물,Seafood,어류,Fish,옥돔,Okdom,,
ROH1,SSFS0060,수산물,Seafood,어류,Fish,조기,Cockroach,,
ROH1,SSFS0070,수산물,Seafood,어류,Fish,참치,Tuna,,
ROH1,SSFS0080,수산물,Seafood,어류,Fish,연어,Salmon,,
ROH1,SSFS0090,수산물,Seafood,어류,Fish,가자미,Flounder,,
ROH1,SSFS0100,수산물,Seafood,어류,Fish,삼치,Spanish Mackerel,,
ROH1,SSFS0110,수산물,Seafood,어류,Fish,임연수,Atka Mackerel,,
ROH1,SSFS0120,수산물,Seafood,어류,Fish,틸라피아,Tilapia,,
ROH1,SSFS0130,수산물,Seafood,어류,Fish,바사,Basa,,
ROH1,SSFS0140,수산물,Seafood,어류,Fish,멸치,Anchovy,,
ROH1,SSFS0150,수산물,Seafood,어류,Fish,명태,Pollock,,
ROH1,SSFS0170,수산물,Seafood,어류,Fish,알&곤이,Fish Roe&Soft Roe,,
ROH1,SSFS9990,수산물,Seafood,어류,Fish,기타생선,Other Fish,,
ROH1,SSMO0010,수산물,Seafood,연체류,Mollusks,낙지,Small Octopus,,
ROH1,SSMO0020,수산물,Seafood,연체류,Mollusks,문어,Octopus,,
ROH1,SSMO0030,수산물,Seafood,연체류,Mollusks,오징어,Squid,,
ROH1,SSMO0031,수산물,Seafood,연체류,Mollusks,오징어,Squid,대왕오징어,Squid (Giant)
ROH1,SSMO0032,수산물,Seafood,연체류,Mollusks,오징어,Squid,살오징어,Squid (Pacific)
ROH1,SSMO0033,수산물,Seafood,연체류,Mollusks,오징어,Squid,갑오징어,Cuttlefish
ROH1,SSMO0034,수산물,Seafood,연체류,Mollusks,오징어,Squid,일반오징어,Common Squid
ROH1,SSMO0040,수산물,Seafood,연체류,Mollusks,주꾸미,Webfoot Octopus,,
ROH1,SSMO9990,수산물,Seafood,연체류,Mollusks,기타연체류,Other Mollusks,,
ROH1,SSOT0010,수산물,Seafood,기타수산물,Others,밀키트수산,Meal Kit Fishery,,
ROH1,SSOT9990,수산물,Seafood,기타수산물,Others,기타수산물,Other Fishery,,
ROH1,SSSF0010,수산물,Seafood,조개류,Shellfish,가리비,Scallop,,
ROH1,SSSF0011,수산물,Seafood,조개류,Shellfish,가리비,Scallop,참가리비,Japanese Scallop
ROH1,SSSF0012,수산물,Seafood,조개류,Shellfish,가리비,Scallop,홍가리비,Red Scallop
ROH1,SSSF0013,수산물,Seafood,조개류,Shellfish,가리비,Scallop,백가리비,White Scallop
ROH1,SSSF0014,수산물,Seafood,조개류,Shellfish,가리비,Scallop,왕가리비,Jumbo Scallop
ROH1,SSSF0020,수산물,Seafood,조개류,Shellfish,바지락,Clam,,
ROH1,SSSF0030,수산물,Seafood,조개류,Shellfish,전복,Abalone,,
ROH1,SSSF0040,수산물,Seafood,조개류,Shellfish,참고둥,Whelk,,
ROH1,SSSF0050,수산물,Seafood,조개류,Shellfish,굴,Oyster,,
ROH1,SSSF0060,수산물,Seafood,조개류,Shellfish,홍합,Mussel,,
ROH1,SSSF0070,수산물,Seafood,조개류,Shellfish,꼬막,Cockle,,
ROH1,SSSF0080,수산물,Seafood,조개류,Shellfish,소라,Conch,,
ROH1,SSSF0090,수산물,Seafood,조개류,Shellfish,대합,Hard Clam,,
ROH1,SSSF0100,수산물,Seafood,조개류,Shellfish,키조개,Pen Shell,,
ROH1,SSSF0110,수산물,Seafood,조개류,Shellfish,우렁이,Freshwater Snail,,
ROH1,SSSF9990,수산물,Seafood,조개류,Shellfish,기타조개류,Other Shellfish,,
ROH1,SSSU0010,수산물,Seafood,연육,Surimi,HAKE,Hake,,
ROH1,SSSU0020,수산물,Seafood,연육,Surimi,명태연육,Pollock Surimi,,
ROH1,SSSU0030,수산물,Seafood,연육,Surimi,이또요리,Itoyori,,
ROH1,SSSU0040,수산물,Seafood,연육,Surimi,정어리연육,Sardine Surimi,,
ROH1,SSSU0050,수산물,Seafood,연육,Surimi,풀치연육,Young Pollack Surimi,,
ROH1,SSSU0060,수산물,Seafood,연육,Surimi,흰살생선연육,White Fish Surimi,,
ROH1,SSSU9990,수산물,Seafood,연육,Surimi,기타연육,Other Surimi,,
ROH1,SSSW0010,수산물,Seafood,해조류,Seaweed,다시마,Kelp,,
ROH1,SSSW0020,수산물,Seafood,해조류,Seaweed,미역,Brown Seaweed,,
ROH1,SSSW0030,수산물,Seafood,해조류,Seaweed,톳,Hijiki,,
ROH1,SSSW0040,수산물,Seafood,해조류,Seaweed,모자반,Sargassum,,
ROH1,SSSW0050,수산물,Seafood,해조류,Seaweed,감태,Ecklonia Cava,,
ROH1,SSSW0060,수산물,Seafood,해조류,Seaweed,파래,Green Laver,,
ROH1,SSSW0070,수산물,Seafood,해조류,Seaweed,매생이,Sea Lettuce,,
ROH1,SSSW0080,수산물,Seafood,해조류,Seaweed,클로렐라,Chlorella,,
ROH1,SSSW0090,수산물,Seafood,해조류,Seaweed,우뭇가사리,Agar,,
ROH1,SSSW0100,수산물,Seafood,해조류,Seaweed,스피룰리나,Spirulina,,
ROH1,SSSW9990,수산물,Seafood,해조류,Seaweed,기타해조류,Other Seaweed,,
ROH1,UTES0010,유틸리티,Utility,에너지 원료,Energy Sources,석탄,Coal,,
ROH1,UTES0020,유틸리티,Utility,에너지 원료,Energy Sources,LNG,LNG,,
ROH1,UTES0030,유틸리티,Utility,에너지 원료,Energy Sources,LPG,LPG,,
ROH1,UTES0040,유틸리티,Utility,에너지 원료,Energy Sources,스팀,Steam,,
ROH1,UTES0050,유틸리티,Utility,에너지 원료,Energy Sources,우드칩,Woodchip,,
ROH2,MECA0010,금속류,Metal,금속캔,Can,스틸캔,Steel Can,,
ROH2,MECA0020,금속류,Metal,금속캔,Can,알미늄캔,Aluminium Can,,
ROH2,MECA0030,금속류,Metal,금속캔,Can,스팸캔,Spam can,,
ROH2,MECA0040,금속류,Metal,금속캔,Can,드럼/배럴,Drum / Barrel,,
ROH2,MECA0050,금속류,Metal,금속캔,Can,에어로졸캔,Aerosol can,,
ROH2,MEOT9990,금속류,Metal,기타 금속류,Other Metal,기타 금속류,Other Metal,,
ROH2,MECL0010,금속류,Metal,마개,Closure,금속캡,Metal Closure,,
ROH2,MECL0020,금속류,Metal,마개,Closure,END,Easy Open End,,
ROH2,OTOT0010,기타포장재,Other Packaging,기타 포장재,Other Packaging,OPP테이프,OPP Tape,,
ROH2,OTOT0020,기타포장재,Other Packaging,기타 포장재,Other Packaging,이너씰,Inner Seal,,
ROH2,OTOT0030,기타포장재,Other Packaging,기타 포장재,Other Packaging,패킹,Packing,,
ROH2,OTOT0040,기타포장재,Other Packaging,기타 포장재,Other Packaging,완충재,Cushion,,
ROH2,OTOT0050,기타포장재,Other Packaging,기타 포장재,Other Packaging,기타 백,Other Bag,,
ROH2,OTOT0060,기타포장재,Other Packaging,기타 포장재,Other Packaging,인디케이터,Indicator,,
ROH2,OTOT0070,기타포장재,Other Packaging,기타 포장재,Other Packaging,PP밴드,PP Strip,,
ROH2,OTOT0080,기타포장재,Other Packaging,기타 포장재,Other Packaging,나무(꼬지/칩),Wood Stick/Chip,,
ROH2,OTOT0090,기타포장재,Other Packaging,기타 포장재,Other Packaging,잉크,Ink,,
ROH2,OTOT0100,기타포장재,Other Packaging,기타 포장재,Other Packaging,먹지,Carbon Paper,,
ROH2,OTOT0110,기타포장재,Other Packaging,기타 포장재,Other Packaging,클립,Clip,,
ROH2,OTOT9990,기타포장재,Other Packaging,기타 포장재,Other Packaging,기타 포장재,Other Packaging,,
ROH2,OTST0010,기타포장재,Other Packaging,선도유지제,Stabilizer,가스흡수제,Gas Absorber,,
ROH2,OTST0020,기타포장재,Other Packaging,선도유지제,Stabilizer,탈산소제,Oxygen absorber,,
ROH2,OTAD0010,기타포장재,Other Packaging,접착제,Adhesive,핫멜트,Hot melt,,
ROH2,OTDE0010,기타포장재,Other Packaging,흡습제,Desiccant,흡습제/실리카겔,Desiccant/Silica Gel,,
ROH2,GLBO0010,유리류,Glass,병,Bottle,유리용기,Glass Bottle,,
ROH2,PAPB0010,종이류,Paper,가공백,Processed Bag,쇼핑백,Paper Shopping Bag,,
ROH2,PAPP0010,종이류,Paper,가공지,Processed Paper,황KP,Yellow Kraft paper,,
ROH2,PAPP0020,종이류,Paper,가공지,Processed Paper,백KP,White kraft paper,,
ROH2,PAPP0030,종이류,Paper,가공지,Processed Paper,패드/낱매지,Paper Sheet,,
ROH2,PAPP0040,종이류,Paper,가공지,Processed Paper,랩핑지,Wrapping Paper,,
ROH2,PAPP0050,종이류,Paper,가공지,Processed Paper,설명지,Instruction sheet,,
ROH2,PAOT0010,종이류,Paper,기타 종이류,Other Paper ,각대,Corner (Pillar),,
ROH2,PAOT0020,종이류,Paper,기타 종이류,Other Paper ,파렛트패드,Pallet Pad,,
ROH2,PAOT9990,종이류,Paper,기타 종이류,Other Paper ,기타 종이류,Other Paper ,,
ROH2,PACL0010,종이류,Paper,마개,Closure,종이 캡,Paper cap,,
ROH2,PACO0010,종이류,Paper,용기,Container,종이컵,Paper Cup,,
ROH2,PACO0020,종이류,Paper,용기,Container,종이팩/카톤팩,Carton pack,,
ROH2,PACO0030,종이류,Paper,용기,Container,테트라팩,Tetra Pack,,
ROH2,PACO0040,종이류,Paper,용기,Container,지관,Paper Can,,
ROH2,PABX0010,종이류,Paper,일반박스,Carton Box,일반박스(RSC),Regular Slotted Case,,
ROH2,PABX0020,종이류,Paper,일반박스,Carton Box,일반박스(톰슨형),Die-cutting Case,,
ROH2,PABX0030,종이류,Paper,일반박스,Carton Box,일반박스(HSC),Half Slotted Case,,
ROH2,PABX0040,종이류,Paper,일반박스,Carton Box,진열용박스,Display Ready/RRP,,
ROH2,PABX0050,종이류,Paper,일반박스,Carton Box,랩어라운드박스,Wrap Around Case,,
ROH2,PABX9990,종이류,Paper,일반박스,Carton Box,기타 박스,Other Carton Boxes,,
ROH2,PACB0010,종이류,Paper,칼라박스,Color Box,칼라박스(RSC),Regular Slotted Case,,
ROH2,PACB0020,종이류,Paper,칼라박스,Color Box,칼라박스(톰슨형),Die-cutting Case,,
ROH2,PACB0030,종이류,Paper,칼라박스,Color Box,칼라박스(HSC),Half Slotted Case,,
ROH2,PABI0010,종이류,Paper,박스부속,Box Inserts,박스간지,Box Partition,,
ROH2,PABI0020,종이류,Paper,박스부속,Box Inserts,박스패드,Box Pad,,
ROH2,PABI9990,종이류,Paper,박스부속,Box Inserts,기타 박스부속,Other Box Inserts,,
ROH2,PASA0010,종이류,Paper,지대,Paper Sack,미싱지대,Stitched Sack,,
ROH2,PASA0020,종이류,Paper,지대,Paper Sack,핀치지대,Pinch Sack,,
ROH2,PASA0030,종이류,Paper,지대,Paper Sack,이지오픈지대,Easy Open Sack,,
ROH2,PASA0040,종이류,Paper,지대,Paper Sack,호첨지대,Valve Sack,,
ROH2,PASA0050,종이류,Paper,지대,Paper Sack,백스지대,Bax Sack,,
ROH2,PASA9990,종이류,Paper,지대,Paper Sack,기타 지대,Other Sack,,
ROH2,PAFD0010,종이류,Paper,지함,Folding Carton,일반지함,Folding Carton,,
ROH2,PAFD0020,종이류,Paper,지함,Folding Carton,중지함,Inner Carton,,
ROH2,PAFD0030,종이류,Paper,지함,Folding Carton,상지함,Top Carton,,
ROH2,PAFD0040,종이류,Paper,지함,Folding Carton,하지함,Bottom Carton,,
ROH2,PAFD0050,종이류,Paper,지함,Folding Carton,싸바리지함,Wrapping Carton,,
ROH2,PAFD0060,종이류,Paper,지함,Folding Carton,슬리브형지함,Sleeve Carton,,
ROH2,PAFD0070,종이류,Paper,지함,Folding Carton,선물세트지함,Gift Set Caton,,
ROH2,PAFD0080,종이류,Paper,지함,Folding Carton,번들지함,Bundle Carton,,
ROH2,PAFD9990,종이류,Paper,지함,Folding Carton,기타 지함,Other Folding Cartons,,
ROH2,PAFI0010,종이류,Paper,지함부속,Folding Carton Inserts,지함간지,Folding Carton Partition,,
ROH2,PAFI0020,종이류,Paper,지함부속,Folding Carton Inserts,지함패드,Folding Carton Pad,,
ROH2,PAFI0030,종이류,Paper,지함부속,Folding Carton Inserts,허니셀,Honey Cell,,
ROH2,PAFI9990,종이류,Paper,지함부속,Folding Carton Inserts,기타 지함부속,Other Folding Carton Inserts,,
ROH2,CACE0010,케이싱,Casing,셀룰로즈,Cellulose,셀룰로즈케이싱,Cellulose Casing,,
ROH2,CANC0010,케이싱,Casing,천연장,Natural Casing,천연장,Natural Casing,,
ROH2,CACG0010,케이싱,Casing,콜라겐,Collagen,콜라겐케이싱,Collagen Casing,,
ROH2,CAFL0010,케이싱,Casing,필름류,Films,필름류,Films,,
ROH2,CAFB0010,케이싱,Casing,화이브러스,Fibrous,화이브러스케이싱,Fibrous Casing,,
ROH2,PLPB0010,플라스틱류,Plastic,가공백,Processed Bag,컨테이너백,Flexible Intermediate Bulk Container,,
ROH2,PLPB0020,플라스틱류,Plastic,가공백,Processed Bag,PP마대,PP Woven Bag,,
ROH2,PLPB0030,플라스틱류,Plastic,가공백,Processed Bag,부직포백,Non-Woven Bag,,
ROH2,PLOT0010,플라스틱류,Plastic,기타 플라스틱류,Other Plastic,기타 트레이,Other Tray,,
ROH2,PLOT0020,플라스틱류,Plastic,기타 플라스틱류,Other Plastic,기타 사출품, Other Injection,,
ROH2,PLOT0030,플라스틱류,Plastic,기타 플라스틱류,Other Plastic,번들백,Bundle Bag,,
ROH2,PLOT0040,플라스틱류,Plastic,기타 플라스틱류,Other Plastic,스트레치필름,Stretch Film,,
ROH2,PLOT0050,플라스틱류,Plastic,기타 플라스틱류,Other Plastic,튜브용기, Tube contatiner,,
ROH2,PLOT9990,플라스틱류,Plastic,기타 플라스틱류,Other Plastic,기타 플라스틱류,Other Plastic,,
ROH2,PLLB0010,플라스틱류,Plastic,라벨,Label,띠라벨,Strip Label,,
ROH2,PLLB0020,플라스틱류,Plastic,라벨,Label,인몰드라벨,In-Mould Label,,
ROH2,PLLB0030,플라스틱류,Plastic,라벨,Label,스티커,Sticker / Adhesive Label,,
ROH2,PLLB0040,플라스틱류,Plastic,라벨,Label,일반 라벨,Label,,
ROH2,PLCL0010,플라스틱류,Plastic,마개,Closure,사출마개,Injection Closure,,
ROH2,PLCL0020,플라스틱류,Plastic,마개,Closure,열성형덮개,Thermoformed Closure,,
ROH2,PLCL0030,플라스틱류,Plastic,마개,Closure,압진공덮개,Vaccum formed cap,,
ROH2,PLCL0040,플라스틱류,Plastic,마개,Closure,펌프,Dispense Pump,,
ROH2,PLMF0010,플라스틱류,Plastic,복합필름,Multilayer Film,BOTTOM,Bottom Film,,
ROH2,PLMF0020,플라스틱류,Plastic,복합필름,Multilayer Film,TOP,Top Film,,
ROH2,PLMF0030,플라스틱류,Plastic,복합필름,Multilayer Film,롤필름,Roll Film,,
ROH2,PLMF0040,플라스틱류,Plastic,복합필름,Multilayer Film,파우치,Pouch,,
ROH2,PLMF0050,플라스틱류,Plastic,복합필름,Multilayer Film,리드필름-일반,Lid Film,,
ROH2,PLMF0060,플라스틱류,Plastic,복합필름,Multilayer Film,리드필름-햇반,Lid Film-Hetbahn,,
ROH2,PLMF9990,플라스틱류,Plastic,복합필름,Multilayer Film,기타 복합필름,Other Multi Film,,
ROH2,PLBT0010,플라스틱류,Plastic,상자/트레이,Box/Tray,압진공트레이,Vacuum Formed Tray,,
ROH2,PLBT0020,플라스틱류,Plastic,상자/트레이,Box/Tray,블리스터,Blister,,
ROH2,PLBT0030,플라스틱류,Plastic,상자/트레이,Box/Tray,플라스틱박스,Plastic Container,,
ROH2,PLBT0040,플라스틱류,Plastic,상자/트레이,Box/Tray,플라스틱케이스,Plastic Carton,,
ROH2,PLBT0050,플라스틱류,Plastic,상자/트레이,Box/Tray,발포상자(EPS),EPS Box,,
ROH2,PLBT0060,플라스틱류,Plastic,상자/트레이,Box/Tray,기타 압진공,Other Vaccum Compression,,
ROH2,PLSF0010,플라스틱류,Plastic,수축필름,Shrink Film,수축필름-외포,Shrink Wrap,,
ROH2,PLSF0020,플라스틱류,Plastic,수축필름,Shrink Film,수축필름-라벨,Shrink Label,,
ROH2,PLSF0030,플라스틱류,Plastic,수축필름,Shrink Film,네크밴드,Neckband,,
ROH2,PLEF0010,플라스틱류,Plastic,압출필름,Extruded Film,압출평판롤,Blown Cut Film,,
ROH2,PLEF0020,플라스틱류,Plastic,압출필름,Extruded Film,압출튜브롤,Blown Tube Film,,
ROH2,PLEF0030,플라스틱류,Plastic,압출필름,Extruded Film,파우치(압출),Blown Pouch,,
ROH2,PLEF0040,플라스틱류,Plastic,압출필름,Extruded Film,파렛트시트,Pallet Sheet,,
ROH2,PLCO0010,플라스틱류,Plastic,용기,Container,압진공용기-일반,Thermoformed,,
ROH2,PLCO0020,플라스틱류,Plastic,용기,Container,압진공용기-햇반,Thermoformed-Hetbahn,,
ROH2,PLCO0030,플라스틱류,Plastic,용기,Container,압출블로우용기(PE),Extrusion Blow Mold Bottle (PE),,
ROH2,PLCO0040,플라스틱류,Plastic,용기,Container,사출블로우용기(PET),Injection Blow Mold Bottle (PET),,
ROH2,PLCO0050,플라스틱류,Plastic,용기,Container,사출용기,Injection Container,,
