lang,label,Level 1,Level 2,Level 3
ENG,Agri > Beans > Soybean(GMO),Agri,Beans,Soybean(GMO)
ENG,Agri > Beans > Soybean(Non-GMO),Agri,Beans,Soybean(Non-GMO)
ENG,Agri > Beans > Sprout bean,Agri,Beans,Sprout bean
ENG,Agri > Beans > Lentils,Agri,Beans,Lentils
ENG,Agri > Beans > Kidney Bean,Agri,Beans,Kidney Bean
ENG,Agri > Beans > green beans,Agri,Beans,green beans
ENG,Agri > Beans > Mung bean,Agri,Beans,Mung bean
ENG,Agri > Beans > Chickpeas,Agri,Beans,Chickpeas
ENG,Agri > Beans > Pea,Agri,Beans,Pea
ENG,Agri > Beans > Edamame,Agri,Beans,Edamame
ENG,Agri > Beans > Red bean (Adzuki bean),Agri,Beans,Red bean (Adzuki bean)
ENG,Agri > Beans > Other beans,Agri,Beans,Other beans
ENG,Agri > Chili Varieties > Frozen chili peppers,Agri,Chili Varieties,Frozen chili peppers
ENG,Agri > Chili Varieties > Dried chili peppers,Agri,Chili Varieties,Dried chili peppers
ENG,Agri > Chili Varieties > Chili seeds,Agri,Chili Varieties,Chili seeds
ENG,Agri > Chili Varieties > Cheongyang chili peppers,Agri,Chili Varieties,Cheongyang chili peppers
ENG,Agri > Chili Varieties > Green chili peppers,Agri,Chili Varieties,Green chili peppers
ENG,Agri > Chili Varieties > Red chili peppers,Agri,Chili Varieties,Red chili peppers
ENG,Agri > Chili Varieties > Shishito pepper,Agri,Chili Varieties,Shishito pepper
ENG,Agri > Chili Varieties > Chili powder,Agri,Chili Varieties,Chili powder
ENG,Agri > Chili Varieties > JalapeÃ±o,Agri,Chili Varieties,JalapeÃ±o
ENG,Agri > Chili Varieties > Other Chili Varieties,Agri,Chili Varieties,Other Chili Varieties
ENG,Agri > Fruits > Apple,Agri,Fruits,Apple
ENG,Agri > Fruits > Pear,Agri,Fruits,Pear
ENG,Agri > Fruits > Tangerine,Agri,Fruits,Tangerine
ENG,Agri > Fruits > Strawberry,Agri,Fruits,Strawberry
ENG,Agri > Fruits > Kumquat,Agri,Fruits,Kumquat
ENG,Agri > Fruits > Dan-gam,Agri,Fruits,Dan-gam
ENG,Agri > Fruits > Hongsi,Agri,Fruits,Hongsi
ENG,Agri > Fruits > Daebongsi,Agri,Fruits,Daebongsi
ENG,Agri > Fruits > Japanese plum,Agri,Fruits,Japanese plum
ENG,Agri > Fruits > Melon,Agri,Fruits,Melon
ENG,Agri > Fruits > Quince,Agri,Fruits,Quince
ENG,Agri > Fruits > Bokbunja,Agri,Fruits,Bokbunja
ENG,Agri > Fruits > Blueberry,Agri,Fruits,Blueberry
ENG,Agri > Fruits > Watermelon,Agri,Fruits,Watermelon
ENG,Agri > Fruits > Kiwi/Persimmon,Agri,Fruits,Kiwi/Persimmon
ENG,Agri > Fruits > Oriental melon,Agri,Fruits,Oriental melon
ENG,Agri > Fruits > Cheonhyehyang,Agri,Fruits,Cheonhyehyang
ENG,Agri > Fruits > Hallabong,Agri,Fruits,Hallabong
ENG,Agri > Fruits > Grape,Agri,Fruits,Grape
ENG,Agri > Fruits > Plum,Agri,Fruits,Plum
ENG,Agri > Fruits > Peach,Agri,Fruits,Peach
ENG,Agri > Fruits > Lychee,Agri,Fruits,Lychee
ENG,Agri > Fruits > Cherry,Agri,Fruits,Cherry
ENG,Agri > Fruits > Lemon,Agri,Fruits,Lemon
ENG,Agri > Fruits > Mango,Agri,Fruits,Mango
ENG,Agri > Fruits > Banana,Agri,Fruits,Banana
ENG,Agri > Fruits > Pomegranate,Agri,Fruits,Pomegranate
ENG,Agri > Fruits > Orange,Agri,Fruits,Orange
ENG,Agri > Fruits > Grapefruit,Agri,Fruits,Grapefruit
ENG,Agri > Fruits > Pineapple,Agri,Fruits,Pineapple
ENG,Agri > Fruits > Apricot,Agri,Fruits,Apricot
ENG,Agri > Fruits > Jujubes,Agri,Fruits,Jujubes
ENG,Agri > Fruits > Olive,Agri,Fruits,Olive
ENG,Agri > Fruits > Coconut,Agri,Fruits,Coconut
ENG,Agri > Fruits > Other Fruits,Agri,Fruits,Other Fruits
ENG,Agri > Fruiting Vegetables > Tomato,Agri,Fruiting Vegetables,Tomato
ENG,Agri > Fruiting Vegetables > Cucumber,Agri,Fruiting Vegetables,Cucumber
ENG,Agri > Fruiting Vegetables > Pumpkin,Agri,Fruiting Vegetables,Pumpkin
ENG,Agri > Fruiting Vegetables > Eggplant,Agri,Fruiting Vegetables,Eggplant
ENG,Agri > Fruiting Vegetables > Other Fruiting Vegetables,Agri,Fruiting Vegetables,Other Fruiting Vegetables
ENG,Agri > Grains > Raw wheat/Wheat,Agri,Grains,Raw wheat/Wheat
ENG,Agri > Grains > Corn,Agri,Grains,Corn
ENG,Agri > Herbs > Parsley,Agri,Herbs,Parsley
ENG,Agri > Herbs > basil (leaf),Agri,Herbs,basil (leaf)
ENG,Agri > Herbs > Stevia,Agri,Herbs,Stevia
ENG,Agri > Herbs > oregano,Agri,Herbs,oregano
ENG,Agri > Herbs > Anise (Mr.),Agri,Herbs,Anise (Mr.)
ENG,Agri > Herbs > Herbs Others,Agri,Herbs,Herbs Others
ENG,Agri > Leafy Stem Vegetables > Garland chrysanthemum,Agri,Leafy Stem Vegetables,Garland chrysanthemum
ENG,Agri > Leafy Stem Vegetables > Cilantro (Coriander),Agri,Leafy Stem Vegetables,Cilantro (Coriander)
ENG,Agri > Leafy Stem Vegetables > Swiss chard,Agri,Leafy Stem Vegetables,Swiss chard
ENG,Agri > Leafy Stem Vegetables > Perilla leaves,Agri,Leafy Stem Vegetables,Perilla leaves
ENG,Agri > Leafy Stem Vegetables > Shepherd's purse,Agri,Leafy Stem Vegetables,Shepherd's purse
ENG,Agri > Leafy Stem Vegetables > Romaine lettuce,Agri,Leafy Stem Vegetables,Romaine lettuce
ENG,Agri > Leafy Stem Vegetables > Arugula,Agri,Leafy Stem Vegetables,Arugula
ENG,Agri > Leafy Stem Vegetables > Chives,Agri,Leafy Stem Vegetables,Chives
ENG,Agri > Leafy Stem Vegetables > Broccoli,Agri,Leafy Stem Vegetables,Broccoli
ENG,Agri > Leafy Stem Vegetables > Celery,Agri,Leafy Stem Vegetables,Celery
ENG,Agri > Leafy Stem Vegetables > Spinach,Agri,Leafy Stem Vegetables,Spinach
ENG,Agri > Leafy Stem Vegetables > Dried radish greens (Siraegi),Agri,Leafy Stem Vegetables,Dried radish greens (Siraegi)
ENG,Agri > Leafy Stem Vegetables > Cabbage,Agri,Leafy Stem Vegetables,Cabbage
ENG,Agri > Leafy Stem Vegetables > Iceberg lettuce,Agri,Leafy Stem Vegetables,Iceberg lettuce
ENG,Agri > Leafy Stem Vegetables > Red cabbage,Agri,Leafy Stem Vegetables,Red cabbage
ENG,Agri > Leafy Stem Vegetables > Bok choy,Agri,Leafy Stem Vegetables,Bok choy
ENG,Agri > Leafy Stem Vegetables > Lettuce/Frill ice lettuce,Agri,Leafy Stem Vegetables,Lettuce/Frill ice lettuce
ENG,Agri > Leafy Stem Vegetables > Mustard greens,Agri,Leafy Stem Vegetables,Mustard greens
ENG,Agri > Leafy Stem Vegetables > Kale,Agri,Leafy Stem Vegetables,Kale
ENG,Agri > Leafy Stem Vegetables > Bamboo shoots,Agri,Leafy Stem Vegetables,Bamboo shoots
ENG,Agri > Leafy Stem Vegetables > Stem Others,Agri,Leafy Stem Vegetables,Stem Others
ENG,Agri > Mixed Grains > Oats,Agri,Mixed Grains,Oats
ENG,Agri > Mixed Grains > Millet,Agri,Mixed Grains,Millet
ENG,Agri > Mixed Grains > Buckwheat,Agri,Mixed Grains,Buckwheat
ENG,Agri > Mixed Grains > Sesame,Agri,Mixed Grains,Sesame
ENG,Agri > Mixed Grains > Perilla seeds,Agri,Mixed Grains,Perilla seeds
ENG,Agri > Mixed Grains > Barley,Agri,Mixed Grains,Barley
ENG,Agri > Mixed Grains > Sorghum,Agri,Mixed Grains,Sorghum
ENG,Agri > Mixed Grains > Job's tears,Agri,Mixed Grains,Job's tears
ENG,Agri > Mixed Grains > Foxtail millet,Agri,Mixed Grains,Foxtail millet
ENG,Agri > Mixed Grains > Chia seeds,Agri,Mixed Grains,Chia seeds
ENG,Agri > Mixed Grains > Quinoa,Agri,Mixed Grains,Quinoa
ENG,Agri > Mixed Grains > Farro,Agri,Mixed Grains,Farro
ENG,Agri > Mixed Grains > Mixed grains,Agri,Mixed Grains,Mixed grains
ENG,Agri > Mixed Grains > Other Grains,Agri,Mixed Grains,Other Grains
ENG,Agri > Mushrooms > Oyster mushroom,Agri,Mushrooms,Oyster mushroom
ENG,Agri > Mushrooms > Black pine mushroom,Agri,Mushrooms,Black pine mushroom
ENG,Agri > Mushrooms > Woodear mushroom,Agri,Mushrooms,Woodear mushroom
ENG,Agri > Mushrooms > King Oyster Mushroom,Agri,Mushrooms,King Oyster Mushroom
ENG,Agri > Mushrooms > Elm oyster mushroom,Agri,Mushrooms,Elm oyster mushroom
ENG,Agri > Mushrooms > Button mushroom,Agri,Mushrooms,Button mushroom
ENG,Agri > Mushrooms > Shiitake mushroom,Agri,Mushrooms,Shiitake mushroom
ENG,Agri > Mushrooms > Pine Mushroom,Agri,Mushrooms,Pine Mushroom
ENG,Agri > Mushrooms > Enoki Mushroom,Agri,Mushrooms,Enoki Mushroom
ENG,Agri > Mushrooms > Mushroom Others,Agri,Mushrooms,Mushroom Others
ENG,Agri > Nuts > Walnuts,Agri,Nuts,Walnuts
ENG,Agri > Nuts > Peanuts,Agri,Nuts,Peanuts
ENG,Agri > Nuts > Chestnuts,Agri,Nuts,Chestnuts
ENG,Agri > Nuts > Ginkgo nuts,Agri,Nuts,Ginkgo nuts
ENG,Agri > Nuts > Almonds,Agri,Nuts,Almonds
ENG,Agri > Nuts > Pine nuts,Agri,Nuts,Pine nuts
ENG,Agri > Nuts > Cashew nuts,Agri,Nuts,Cashew nuts
ENG,Agri > Nuts > Sunflower seeds,Agri,Nuts,Sunflower seeds
ENG,Agri > Nuts > Macadamia,Agri,Nuts,Macadamia
ENG,Agri > Nuts > Pistachios,Agri,Nuts,Pistachios
ENG,Agri > Nuts > Pecans,Agri,Nuts,Pecans
ENG,Agri > Nuts > Pumpkin seeds,Agri,Nuts,Pumpkin seeds
ENG,Agri > Nuts > Other nuts,Agri,Nuts,Other nuts
ENG,Agri > Other Agri > Namul (seasoned vegetables),Agri,Other Agri,Namul (seasoned vegetables)
ENG,Agri > Other Agri > Medicinal plants,Agri,Other Agri,Medicinal plants
ENG,Agri > Other Agri > Meal kit Agri,Agri,Other Agri,Meal kit Agri
ENG,Agri > Other Agri > Other Agri,Agri,Other Agri,Other Agri
ENG,Agri > Radish/Cabbage > Radish,Agri,Radish/Cabbage,Radish
ENG,Agri > Radish/Cabbage > Radish,Agri,Radish/Cabbage,Radish
ENG,Agri > Radish/Cabbage > Radish,Agri,Radish/Cabbage,Radish
ENG,Agri > Radish/Cabbage > Chinese cabbage,Agri,Radish/Cabbage,Chinese cabbage
ENG,Agri > Radish/Cabbage > Salted chinese cabbage,Agri,Radish/Cabbage,Salted chinese cabbage
ENG,Agri > Radish/Cabbage > Young radish,Agri,Radish/Cabbage,Young radish
ENG,Agri > Radish/Cabbage > Ponytail radish,Agri,Radish/Cabbage,Ponytail radish
ENG,Agri > Radish/Cabbage > Winter cabbage,Agri,Radish/Cabbage,Winter cabbage
ENG,Agri > Rice Crops > Red Rice,Agri,Rice Crops,Red Rice
ENG,Agri > Rice Crops > White Rice,Agri,Rice Crops,White Rice
ENG,Agri > Rice Crops > Unhulled rice,Agri,Rice Crops,Unhulled rice
ENG,Agri > Rice Crops > Glutinous brown rice,Agri,Rice Crops,Glutinous brown rice
ENG,Agri > Rice Crops > Glutinous rice,Agri,Rice Crops,Glutinous rice
ENG,Agri > Rice Crops > Brown rice,Agri,Rice Crops,Brown rice
ENG,Agri > Rice Crops > Black rice,Agri,Rice Crops,Black rice
ENG,Agri > Rice Crops > Wild rice,Agri,Rice Crops,Wild rice
ENG,Agri > Rice Crops > Other Rice Crops,Agri,Rice Crops,Other Rice Crops
ENG,Agri > Root Vegetables > Potato,Agri,Root Vegetables,Potato
ENG,Agri > Root Vegetables > Yam Bean,Agri,Root Vegetables,Yam Bean
ENG,Agri > Root Vegetables > Sweet potato,Agri,Root Vegetables,Sweet potato
ENG,Agri > Root Vegetables > Carrot,Agri,Root Vegetables,Carrot
ENG,Agri > Root Vegetables > Lotus root,Agri,Root Vegetables,Lotus root
ENG,Agri > Root Vegetables > Burdock,Agri,Root Vegetables,Burdock
ENG,Agri > Root Vegetables > Taro,Agri,Root Vegetables,Taro
ENG,Agri > Root Vegetables > water chestnut,Agri,Root Vegetables,water chestnut
ENG,Agri > Root Vegetables > horseradish,Agri,Root Vegetables,horseradish
ENG,Agri > Root Vegetables > Deodeok (Codonopsis lanceolata),Agri,Root Vegetables,Deodeok (Codonopsis lanceolata)
ENG,Agri > Root Vegetables > Bellflower root (Doraji),Agri,Root Vegetables,Bellflower root (Doraji)
ENG,Agri > Root Vegetables > Ginseng,Agri,Root Vegetables,Ginseng
ENG,Agri > Root Vegetables > Other Root Vegetables,Agri,Root Vegetables,Other Root Vegetables
ENG,Agri > Spiced Vegetables > Leak,Agri,Spiced Vegetables,Leak
ENG,Agri > Spiced Vegetables > Green onion,Agri,Spiced Vegetables,Green onion
ENG,Agri > Spiced Vegetables > Garlic,Agri,Spiced Vegetables,Garlic
ENG,Agri > Spiced Vegetables > Ginger,Agri,Spiced Vegetables,Ginger
ENG,Agri > Spiced Vegetables > Onion,Agri,Spiced Vegetables,Onion
ENG,Agri > Spiced Vegetables > Scallion,Agri,Spiced Vegetables,Scallion
ENG,Agri > Spiced Vegetables > Paprika,Agri,Spiced Vegetables,Paprika
ENG,Agri > Spiced Vegetables > Bell pepper,Agri,Spiced Vegetables,Bell pepper
ENG,Agri > Spiced Vegetables > Other Spiced Vegetables,Agri,Spiced Vegetables,Other Spiced Vegetables
ENG,Agri Processed > Processed Soybeans > TVP/CSP/ISP,Agri Processed,Processed Soybeans,TVP/CSP/ISP
ENG,Agri Processed > Processed Soybeans > Defatted soybean,Agri Processed,Processed Soybeans,Defatted soybean
ENG,Agri Processed > Processed Soybeans > Soybeans powder,Agri Processed,Processed Soybeans,Soybeans powder
ENG,Agri Processed > Processed Soybeans > Tofu,Agri Processed,Processed Soybeans,Tofu
ENG,Agri Processed > Processed Soybeans > Soybean meal,Agri Processed,Processed Soybeans,Soybean meal
ENG,Agri Processed > Processed Soybeans > Other Processed Soybeans,Agri Processed,Processed Soybeans,Other Processed Soybeans
ENG,Agri Processed > Processed chili peppers > Chili seasoning,Agri Processed,Processed chili peppers,Chili seasoning
ENG,Agri Processed > Processed chili peppers > Chili extract,Agri Processed,Processed chili peppers,Chili extract
ENG,Agri Processed > Processed chili peppers > Chili Paste,Agri Processed,Processed chili peppers,Chili Paste
ENG,Agri Processed > Processed chili peppers > Pickled JalapeÃ±o,Agri Processed,Processed chili peppers,Pickled JalapeÃ±o
ENG,Agri Processed > Processed chili peppers > Other processed chili peppers,Agri Processed,Processed chili peppers,Other processed chili peppers
ENG,Agri Processed > Processed forest ingredients > Mushroom extract,Agri Processed,Processed forest ingredients,Mushroom extract
ENG,Agri Processed > Processed forest ingredients > Mushroom powder,Agri Processed,Processed forest ingredients,Mushroom powder
ENG,Agri Processed > Processed forest ingredients > Medicinal plant extract,Agri Processed,Processed forest ingredients,Medicinal plant extract
ENG,Agri Processed > Processed forest ingredients > Other Processed forest ingredients,Agri Processed,Processed forest ingredients,Other Processed forest ingredients
ENG,Agri Processed > Processed fruits > Fruit concentrate,Agri Processed,Processed fruits,Fruit concentrate
ENG,Agri Processed > Processed fruits > Fruit puree,Agri Processed,Processed fruits,Fruit puree
ENG,Agri Processed > Processed fruits > Fruit puree,Agri Processed,Processed fruits,Fruit puree
ENG,Agri Processed > Processed fruits > Fruit puree,Agri Processed,Processed fruits,Fruit puree
ENG,Agri Processed > Processed fruits > Fruit puree,Agri Processed,Processed fruits,Fruit puree
ENG,Agri Processed > Processed fruits > Fruit puree,Agri Processed,Processed fruits,Fruit puree
ENG,Agri Processed > Processed fruits > Fruit puree,Agri Processed,Processed fruits,Fruit puree
ENG,Agri Processed > Processed fruits > Fruit puree,Agri Processed,Processed fruits,Fruit puree
ENG,Agri Processed > Processed fruits > Cocoa powder,Agri Processed,Processed fruits,Cocoa powder
ENG,Agri Processed > Processed fruits > Other Processed fruits,Agri Processed,Processed fruits,Other Processed fruits
ENG,Agri Processed > Processed grains > Konjac rice,Agri Processed,Processed grains,Konjac rice
ENG,Agri Processed > Processed grains > Rice cake/Rice,Agri Processed,Processed grains,Rice cake/Rice
ENG,Agri Processed > Processed grains > Grain flakes,Agri Processed,Processed grains,Grain flakes
ENG,Agri Processed > Processed grains > Dry grain mix,Agri Processed,Processed grains,Dry grain mix
ENG,Agri Processed > Processed grains > Rice paper,Agri Processed,Processed grains,Rice paper
ENG,Agri Processed > Processed grains > Wheat flour,Agri Processed,Processed grains,Wheat flour
ENG,Agri Processed > Processed grains > Oat fiber,Agri Processed,Processed grains,Oat fiber
ENG,Agri Processed > Processed grains > Oat flour,Agri Processed,Processed grains,Oat flour
ENG,Agri Processed > Processed grains > Buckwheat flour,Agri Processed,Processed grains,Buckwheat flour
ENG,Agri Processed > Processed grains > Barley flour,Agri Processed,Processed grains,Barley flour
ENG,Agri Processed > Processed grains > Rice flour,Agri Processed,Processed grains,Rice flour
ENG,Agri Processed > Processed grains > Processed Corn,Agri Processed,Processed grains,Processed Corn
ENG,Agri Processed > Processed grains > Glutinous rice flour,Agri Processed,Processed grains,Glutinous rice flour
ENG,Agri Processed > Processed grains > Brown rice flour,Agri Processed,Processed grains,Brown rice flour
ENG,Agri Processed > Processed grains > Mixed powder,Agri Processed,Processed grains,Mixed powder
ENG,Agri Processed > Processed grains > Black rice powder,Agri Processed,Processed grains,Black rice powder
ENG,Agri Processed > Processed grains > Sesame powder,Agri Processed,Processed grains,Sesame powder
ENG,Agri Processed > Processed grains > Bread crumbs,Agri Processed,Processed grains,Bread crumbs
ENG,Agri Processed > Processed grains > Perilla powder,Agri Processed,Processed grains,Perilla powder
ENG,Agri Processed > Processed grains > Other Processed grains,Agri Processed,Processed grains,Other Processed grains
ENG,Agri Processed > Kimchi > Raw material Kimchi,Agri Processed,Kimchi,Raw material Kimchi
ENG,Agri Processed > Kimchi > Other Kimchi,Agri Processed,Kimchi,Other Kimchi
ENG,Agri Processed > Processed nuts > Nut powder,Agri Processed,Processed nuts,Nut powder
ENG,Agri Processed > Processed nuts > Other processed nuts,Agri Processed,Processed nuts,Other processed nuts
ENG,Agri Processed > Other processed vegetables > Processed Tomato,Agri Processed,Other processed vegetables,Processed Tomato
ENG,Agri Processed > Other processed vegetables > Vegetable block,Agri Processed,Other processed vegetables,Vegetable block
ENG,Agri Processed > Other processed vegetables > Vegetable broth/concentrate,Agri Processed,Other processed vegetables,Vegetable broth/concentrate
ENG,Agri Processed > Other processed vegetables > Other processed vegetables,Agri Processed,Other processed vegetables,Other processed vegetables
ENG,Agri Processed > Processed root vegetables > Processed Potato,Agri Processed,Processed root vegetables,Processed Potato
ENG,Agri Processed > Processed root vegetables > Processed Sweet potato,Agri Processed,Processed root vegetables,Processed Sweet potato
ENG,Agri Processed > Processed root vegetables > Other Processed root vegetables,Agri Processed,Processed root vegetables,Other Processed root vegetables
ENG,Agri Processed > Sugars > Raw sugar,Agri Processed,Sugars,Raw sugar
ENG,Agri Processed > Sugars > Organic sugar,Agri Processed,Sugars,Organic sugar
ENG,Agri Processed > Sugars > Xylose,Agri Processed,Sugars,Xylose
ENG,Agri Processed > Sugars > Maltitol,Agri Processed,Sugars,Maltitol
ENG,Agri Processed > Sugars > Isomalt,Agri Processed,Sugars,Isomalt
ENG,Agri Processed > Sugars > Erythritol,Agri Processed,Sugars,Erythritol
ENG,Agri Processed > Sugars > Sorbitol,Agri Processed,Sugars,Sorbitol
ENG,Agri Processed > Sugars > Hydrated glucose,Agri Processed,Sugars,Hydrated glucose
ENG,Agri Processed > Sugars > Maltodextrin,Agri Processed,Sugars,Maltodextrin
ENG,Agri Processed > Sugars > Dextrin,Agri Processed,Sugars,Dextrin
ENG,Agri Processed > Sugars > F+G,Agri Processed,Sugars,F+G
ENG,Agri Processed > Sugars > BM,Agri Processed,Sugars,BM
ENG,Agri Processed > Sugars > SOD,Agri Processed,Sugars,SOD
ENG,Agri Processed > Sugars > CSOD,Agri Processed,Sugars,CSOD
ENG,Agri Processed > Sugars > GSOD,Agri Processed,Sugars,GSOD
ENG,Agri Processed > Sugars > MSOD,Agri Processed,Sugars,MSOD
ENG,Agri Processed > Sugars > Sucrose,Agri Processed,Sugars,Sucrose
ENG,Agri Processed > Sugars > GLUCOSE,Agri Processed,Sugars,GLUCOSE
ENG,Agri Processed > Sugars > Hë¹,Agri Processed,Sugars,Hë¹
ENG,Agri Processed > Sugars > Dextrose,Agri Processed,Sugars,Dextrose
ENG,Agri Processed > Sugars > Fructose,Agri Processed,Sugars,Fructose
ENG,Agri Processed > Sugars > CM,Agri Processed,Sugars,CM
ENG,Agri Processed > Sugars > White sugar,Agri Processed,Sugars,White sugar
ENG,Agri Processed > Sugars > HFCS,Agri Processed,Sugars,HFCS
ENG,Agri Processed > Sugars > Raw Syrup,Agri Processed,Sugars,Raw Syrup
ENG,Agri Processed > Sugars > Other sugars,Agri Processed,Sugars,Other sugars
ENG,Agri Processed > Starches > Starch,Agri Processed,Starches,Starch
ENG,Agri Processed > Starches > Starch mix,Agri Processed,Starches,Starch mix
ENG,Agri Processed > Starches > Wheat starch,Agri Processed,Starches,Wheat starch
ENG,Agri Processed > Starches > Modified tapioca starch,Agri Processed,Starches,Modified tapioca starch
ENG,Agri Processed > Starches > CSP,Agri Processed,Starches,CSP
ENG,Agri Processed > Starches > STC,Agri Processed,Starches,STC
ENG,Agri Processed > Starches > Tapioka,Agri Processed,Starches,Tapioka
ENG,Agri Processed > Starches > Other Starch product,Agri Processed,Starches,Other Starch product
ENG,Agri Processed > Processed seasoning vegetables > Garlic powder,Agri Processed,Processed seasoning vegetables,Garlic powder
ENG,Agri Processed > Processed seasoning vegetables > Garlic concentrate,Agri Processed,Processed seasoning vegetables,Garlic concentrate
ENG,Agri Processed > Processed seasoning vegetables > Garlic Paste/Puree,Agri Processed,Processed seasoning vegetables,Garlic Paste/Puree
ENG,Agri Processed > Processed seasoning vegetables > Onion powder,Agri Processed,Processed seasoning vegetables,Onion powder
ENG,Agri Processed > Processed seasoning vegetables > Onion concentrate,Agri Processed,Processed seasoning vegetables,Onion concentrate
ENG,Agri Processed > Processed seasoning vegetables > Onion Paste/Puree,Agri Processed,Processed seasoning vegetables,Onion Paste/Puree
ENG,Agri Processed > Processed seasoning vegetables > Green onion powder,Agri Processed,Processed seasoning vegetables,Green onion powder
ENG,Agri Processed > Processed seasoning vegetables > Green onion concentrate,Agri Processed,Processed seasoning vegetables,Green onion concentrate
ENG,Agri Processed > Processed seasoning vegetables > Green onion Paste,Agri Processed,Processed seasoning vegetables,Green onion Paste
ENG,Agri Processed > Processed seasoning vegetables > Ginger powder,Agri Processed,Processed seasoning vegetables,Ginger powder
ENG,Agri Processed > Processed seasoning vegetables > Ginger concentrate,Agri Processed,Processed seasoning vegetables,Ginger concentrate
ENG,Agri Processed > Processed seasoning vegetables > Ginger Paste,Agri Processed,Processed seasoning vegetables,Ginger Paste
ENG,Agri Processed > Processed seasoning vegetables > Other Processed seasoning vegetables,Agri Processed,Processed seasoning vegetables,Other Processed seasoning vegetables
ENG,Condiments > Compound Seasoning > Seasonings,Condiments,Compound Seasoning,Seasonings
ENG,Condiments > Dressing/Sauce > Ketchup,Condiments,Dressing/Sauce,Ketchup
ENG,Condiments > Dressing/Sauce > Mayonnaise,Condiments,Dressing/Sauce,Mayonnaise
ENG,Condiments > Dressing/Sauce > Seasoning sauce,Condiments,Dressing/Sauce,Seasoning sauce
ENG,Condiments > Dressing/Sauce > Jjajang/Chunjang,Condiments,Dressing/Sauce,Jjajang/Chunjang
ENG,Condiments > Dressing/Sauce > Curry-based sauce,Condiments,Dressing/Sauce,Curry-based sauce
ENG,Condiments > Dressing/Sauce > Liquid Sugar/Syrups,Condiments,Dressing/Sauce,Liquid Sugar/Syrups
ENG,Condiments > Dressing/Sauce > Other Dressing/Sauce,Condiments,Dressing/Sauce,Other Dressing/Sauce
ENG,Condiments > Fermented Sauces  > Soy sauce,Condiments,Fermented Sauces ,Soy sauce
ENG,Condiments > Fermented Sauces  > Soy sauce,Condiments,Fermented Sauces ,Soy sauce
ENG,Condiments > Fermented Sauces  > Soy sauce,Condiments,Fermented Sauces ,Soy sauce
ENG,Condiments > Fermented Sauces  > Soy sauce,Condiments,Fermented Sauces ,Soy sauce
ENG,Condiments > Fermented Sauces  > Soy sauce,Condiments,Fermented Sauces ,Soy sauce
ENG,Condiments > Fermented Sauces  > Red chili paste,Condiments,Fermented Sauces ,Red chili paste
ENG,Condiments > Fermented Sauces  > Soybean paste ,Condiments,Fermented Sauces ,Soybean paste 
ENG,Condiments > Fermented Sauces  > Ssamjang,Condiments,Fermented Sauces ,Ssamjang
ENG,Condiments > Fermented Sauces  > Fermented soybean ,Condiments,Fermented Sauces ,Fermented soybean 
ENG,Condiments > Fermented Sauces  > Other fermented sauces,Condiments,Fermented Sauces ,Other fermented sauces
ENG,Condiments > Other Condiments > Vinegar,Condiments,Other Condiments,Vinegar
ENG,Condiments > Other Condiments > Other Condiments,Condiments,Other Condiments,Other Condiments
ENG,Condiments > Salt  > Flower salt,Condiments,Salt ,Flower salt
ENG,Condiments > Salt  > Seasoned salt,Condiments,Salt ,Seasoned salt
ENG,Condiments > Salt  > Recrystallized Salt,Condiments,Salt ,Recrystallized Salt
ENG,Condiments > Salt  > Refined salt,Condiments,Salt ,Refined salt
ENG,Condiments > Salt  > Sea salt,Condiments,Salt ,Sea salt
ENG,Condiments > Salt  > Rock salt,Condiments,Salt ,Rock salt
ENG,Condiments > Salt  > Other Salt ,Condiments,Salt ,Other Salt 
ENG,Condiments > Spices > Black pepper,Condiments,Spices,Black pepper
ENG,Condiments > Spices > Mustard,Condiments,Spices,Mustard
ENG,Condiments > Spices > Cinnamon,Condiments,Spices,Cinnamon
ENG,Condiments > Spices > Wasabi,Condiments,Spices,Wasabi
ENG,Condiments > Spices > Curry Powder,Condiments,Spices,Curry Powder
ENG,Condiments > Spices > Oleoresin,Condiments,Spices,Oleoresin
ENG,Condiments > Spices > Other Spices,Condiments,Spices,Other Spices
ENG,Food Additives > Color additives > Coloring agent,Food Additives,Color additives,Coloring agent
ENG,Food Additives > Color additives > Decolorizing agent,Food Additives,Color additives,Decolorizing agent
ENG,Food Additives > Color additives > Color Fixative,Food Additives,Color additives,Color Fixative
ENG,Food Additives > Flavor/Odor additives > Flavoring agent,Food Additives,Flavor/Odor additives,Flavoring agent
ENG,Food Additives > Flavor/Odor additives > Flavour Enhancer,Food Additives,Flavor/Odor additives,Flavour Enhancer
ENG,Food Additives > Flavor/Odor additives > Flavour Enhancer,Food Additives,Flavor/Odor additives,Flavour Enhancer
ENG,Food Additives > Flavor/Odor additives > Alcohols,Food Additives,Flavor/Odor additives,Alcohols
ENG,Food Additives > Flavor/Odor additives > Yeast Extract,Food Additives,Flavor/Odor additives,Yeast Extract
ENG,Food Additives > Flavor/Odor additives > MSG,Food Additives,Flavor/Odor additives,MSG
ENG,Food Additives > Flavor/Odor additives > Inosinate+Guanylate,Food Additives,Flavor/Odor additives,Inosinate+Guanylate
ENG,Food Additives > Flavor/Odor additives > Enzyme Preparations,Food Additives,Flavor/Odor additives,Enzyme Preparations
ENG,Food Additives > Flavor/Odor additives > Sweetener,Food Additives,Flavor/Odor additives,Sweetener
ENG,Food Additives > Improver > Curing agent,Food Additives,Improver,Curing agent
ENG,Food Additives > Improver > Improver,Food Additives,Improver,Improver
ENG,Food Additives > Improver > Emulsifier,Food Additives,Improver,Emulsifier
ENG,Food Additives > Improver > Thickener/Binder,Food Additives,Improver,Thickener/Binder
ENG,Food Additives > Improver > Leavening Agent/Yeast,Food Additives,Improver,Leavening Agent/Yeast
ENG,Food Additives > Improver > Gel-Forming Agent,Food Additives,Improver,Gel-Forming Agent
ENG,Food Additives > Improver > Leavening Biological,Food Additives,Improver,Leavening Biological
ENG,Food Additives > Improver > Baking powder,Food Additives,Improver,Baking powder
ENG,Food Additives > Improver > coagulant,Food Additives,Improver,coagulant
ENG,Food Additives > Nutritional Enhancer > Vitamin,Food Additives,Nutritional Enhancer,Vitamin
ENG,Food Additives > Nutritional Enhancer > Collagen,Food Additives,Nutritional Enhancer,Collagen
ENG,Food Additives > Nutritional Enhancer > Other Nutritional Enhancer,Food Additives,Nutritional Enhancer,Other Nutritional Enhancer
ENG,Food Additives > Other Food Additives > Other Food Additives,Food Additives,Other Food Additives,Other Food Additives
ENG,Food Additives > Stabilizer > Preservative,Food Additives,Stabilizer,Preservative
ENG,Food Additives > Stabilizer > Antioxidant,Food Additives,Stabilizer,Antioxidant
ENG,Food Additives > Stabilizer > Acidity regulator,Food Additives,Stabilizer,Acidity regulator
ENG,Food Additives > Stabilizer > Antimicrobial agent,Food Additives,Stabilizer,Antimicrobial agent
ENG,Food Additives > Stabilizer > Other Stabilizer,Food Additives,Stabilizer,Other Stabilizer
ENG,Gim > Dried laver > Stone laver,Gim,Dried laver,Stone laver
ENG,Gim > Dried laver > Traditional laver,Gim,Dried laver,Traditional laver
ENG,Gim > Dried laver > Traditional stone laver,Gim,Dried laver,Traditional stone laver
ENG,Gim > Dried laver > Green laver traditional laver,Gim,Dried laver,Green laver traditional laver
ENG,Gim > Dried laver > Sheet laver,Gim,Dried laver,Sheet laver
ENG,Gim > Jaban > Dried green laver seaweed flakes,Gim,Jaban,Dried green laver seaweed flakes
ENG,Gim > Jaban > Seasoned dried laver flakes,Gim,Jaban,Seasoned dried laver flakes
ENG,Gim > Jaban > Seasoned traditional dried laver flakes,Gim,Jaban,Seasoned traditional dried laver flakes
ENG,Gim > Processed laver > Other processed laver,Gim,Processed laver,Other processed laver
ENG,Livestock > Beef > Ribs,Livestock,Beef,Ribs
ENG,Livestock > Beef > Ribs,Livestock,Beef,Ribs
ENG,Livestock > Beef > Tail,Livestock,Beef,Tail
ENG,Livestock > Beef > Tail,Livestock,Beef,Tail
ENG,Livestock > Beef > Neck/Chuck Roll,Livestock,Beef,Neck/Chuck Roll
ENG,Livestock > Beef > Neck/Chuck Roll,Livestock,Beef,Neck/Chuck Roll
ENG,Livestock > Beef > Back ribs,Livestock,Beef,Back ribs
ENG,Livestock > Beef > Back ribs,Livestock,Beef,Back ribs
ENG,Livestock > Beef > Cheek meat,Livestock,Beef,Cheek meat
ENG,Livestock > Beef > Cheek meat,Livestock,Beef,Cheek meat
ENG,Livestock > Beef > Shank,Livestock,Beef,Shank
ENG,Livestock > Beef > Shank,Livestock,Beef,Shank
ENG,Livestock > Beef > Short ribs,Livestock,Beef,Short ribs
ENG,Livestock > Beef > Short ribs,Livestock,Beef,Short ribs
ENG,Livestock > Beef > Tendon,Livestock,Beef,Tendon
ENG,Livestock > Beef > Tendon,Livestock,Beef,Tendon
ENG,Livestock > Beef > Tenderloin,Livestock,Beef,Tenderloin
ENG,Livestock > Beef > Tenderloin,Livestock,Beef,Tenderloin
ENG,Livestock > Beef > Brisket,Livestock,Beef,Brisket
ENG,Livestock > Beef > Brisket,Livestock,Beef,Brisket
ENG,Livestock > Beef > Round,Livestock,Beef,Round
ENG,Livestock > Beef > Round,Livestock,Beef,Round
ENG,Livestock > Beef > Beef trimmings,Livestock,Beef,Beef trimmings
ENG,Livestock > Beef > Beef trimmings,Livestock,Beef,Beef trimmings
ENG,Livestock > Beef > Beef trimmings,Livestock,Beef,Beef trimmings
ENG,Livestock > Beef > Beef fat/Tallow,Livestock,Beef,Beef fat/Tallow
ENG,Livestock > Beef > Beef fat/Tallow,Livestock,Beef,Beef fat/Tallow
ENG,Livestock > Beef > Forequarter,Livestock,Beef,Forequarter
ENG,Livestock > Beef > Forequarter,Livestock,Beef,Forequarter
ENG,Livestock > Beef > Chuck short ribs,Livestock,Beef,Chuck short ribs
ENG,Livestock > Beef > Chuck short ribs,Livestock,Beef,Chuck short ribs
ENG,Livestock > Beef > Skirt steak,Livestock,Beef,Skirt steak
ENG,Livestock > Beef > Skirt steak,Livestock,Beef,Skirt steak
ENG,Livestock > Beef > Minced Beef,Livestock,Beef,Minced Beef
ENG,Livestock > Beef > Minced Beef,Livestock,Beef,Minced Beef
ENG,Livestock > Beef > Other Beef,Livestock,Beef,Other Beef
ENG,Livestock > Beef > Other Beef,Livestock,Beef,Other Beef
ENG,Livestock > Beef > Other Beef,Livestock,Beef,Other Beef
ENG,Livestock > Chicken > Poultry Others,Livestock,Chicken,Poultry Others
ENG,Livestock > Chicken_Broiler > Broiler Breast,Livestock,Chicken_Broiler,Broiler Breast
ENG,Livestock > Chicken_Broiler > Broiler Breast,Livestock,Chicken_Broiler,Broiler Breast
ENG,Livestock > Chicken_Broiler > Broiler Breast,Livestock,Chicken_Broiler,Broiler Breast
ENG,Livestock > Chicken_Broiler > Broiler Breast,Livestock,Chicken_Broiler,Broiler Breast
ENG,Livestock > Chicken_Broiler > Broiler Breast,Livestock,Chicken_Broiler,Broiler Breast
ENG,Livestock > Chicken_Broiler > Broiler Breast,Livestock,Chicken_Broiler,Broiler Breast
ENG,Livestock > Chicken_Broiler > Broiler Breast,Livestock,Chicken_Broiler,Broiler Breast
ENG,Livestock > Chicken_Broiler > Broiler Breast,Livestock,Chicken_Broiler,Broiler Breast
ENG,Livestock > Chicken_Broiler > Broiler By-products,Livestock,Chicken_Broiler,Broiler By-products
ENG,Livestock > Chicken_Broiler > Broiler MDCM,Livestock,Chicken_Broiler,Broiler MDCM
ENG,Livestock > Chicken_Broiler > Broiler Leg Meat,Livestock,Chicken_Broiler,Broiler Leg Meat
ENG,Livestock > Chicken_Broiler > Broiler Leg Meat,Livestock,Chicken_Broiler,Broiler Leg Meat
ENG,Livestock > Chicken_Broiler > Broiler Leg Meat,Livestock,Chicken_Broiler,Broiler Leg Meat
ENG,Livestock > Chicken_Broiler > Broiler Leg Meat,Livestock,Chicken_Broiler,Broiler Leg Meat
ENG,Livestock > Chicken_Broiler > Broiler Leg Meat,Livestock,Chicken_Broiler,Broiler Leg Meat
ENG,Livestock > Chicken_Broiler > Broiler Leg Meat,Livestock,Chicken_Broiler,Broiler Leg Meat
ENG,Livestock > Chicken_Broiler > Broiler Leg Meat,Livestock,Chicken_Broiler,Broiler Leg Meat
ENG,Livestock > Chicken_Broiler > Broiler Leg Meat,Livestock,Chicken_Broiler,Broiler Leg Meat
ENG,Livestock > Chicken_Broiler > Broiler mid joint wing,Livestock,Chicken_Broiler,Broiler mid joint wing
ENG,Livestock > Chicken_Broiler > Broiler drumette,Livestock,Chicken_Broiler,Broiler drumette
ENG,Livestock > Chicken_Broiler > Broiler tender,Livestock,Chicken_Broiler,Broiler tender
ENG,Livestock > Chicken_Broiler Breeder > Broiler Breeder Chicken Breast,Livestock,Chicken_Broiler Breeder,Broiler Breeder Chicken Breast
ENG,Livestock > Chicken_Broiler Breeder > Broiler Breeder Chicken Meat,Livestock,Chicken_Broiler Breeder,Broiler Breeder Chicken Meat
ENG,Livestock > Chicken_Broiler Breeder > Broiler Breede MDCM,Livestock,Chicken_Broiler Breeder,Broiler Breede MDCM
ENG,Livestock > Chicken_Spend Hen > Spent Hen Breast,Livestock,Chicken_Spend Hen,Spent Hen Breast
ENG,Livestock > Chicken_Spend Hen > Spent Hen Meat,Livestock,Chicken_Spend Hen,Spent Hen Meat
ENG,Livestock > Egg > Branded eggs,Livestock,Egg,Branded eggs
ENG,Livestock > Egg > Branded eggs,Livestock,Egg,Branded eggs
ENG,Livestock > Egg > Branded eggs,Livestock,Egg,Branded eggs
ENG,Livestock > Egg > Processed Eggs,Livestock,Egg,Processed Eggs
ENG,Livestock > Egg > Processed Eggs,Livestock,Egg,Processed Eggs
ENG,Livestock > Egg > Processed Eggs,Livestock,Egg,Processed Eggs
ENG,Livestock > Egg > Processed Eggs,Livestock,Egg,Processed Eggs
ENG,Livestock > Egg > Processed Eggs,Livestock,Egg,Processed Eggs
ENG,Livestock > Egg > Processed Eggs,Livestock,Egg,Processed Eggs
ENG,Livestock > Egg > 30 eggs tray,Livestock,Egg,30 eggs tray
ENG,Livestock > Egg > 30 eggs tray,Livestock,Egg,30 eggs tray
ENG,Livestock > Other Livestock > Meal kit Livestock,Livestock,Other Livestock,Meal kit Livestock
ENG,Livestock > Other Livestock > Turkey ,Livestock,Other Livestock,Turkey 
ENG,Livestock > Other Livestock > Duck,Livestock,Other Livestock,Duck
ENG,Livestock > Other Livestock > Other Livestock,Livestock,Other Livestock,Other Livestock
ENG,Livestock > Pork > Economical raw materials,Livestock,Pork,Economical raw materials
ENG,Livestock > Pork > Pork trimming,Livestock,Pork,Pork trimming
ENG,Livestock > Pork > Pork loin,Livestock,Pork,Pork loin
ENG,Livestock > Pork > Pork fat,Livestock,Pork,Pork fat
ENG,Livestock > Pork > Pork back ribs,Livestock,Pork,Pork back ribs
ENG,Livestock > Pork > Sow meat,Livestock,Pork,Sow meat
ENG,Livestock > Pork > Sow ribs,Livestock,Pork,Sow ribs
ENG,Livestock > Pork > Pork collar,Livestock,Pork,Pork collar
ENG,Livestock > Pork > Boston butt,Livestock,Pork,Boston butt
ENG,Livestock > Pork > By-products,Livestock,Pork,By-products
ENG,Livestock > Pork > Pork belly,Livestock,Pork,Pork belly
ENG,Livestock > Pork > Pork belly trimming,Livestock,Pork,Pork belly trimming
ENG,Livestock > Pork > Sliced pork belly,Livestock,Pork,Sliced pork belly
ENG,Livestock > Pork > Pork shoulder picnic,Livestock,Pork,Pork shoulder picnic
ENG,Livestock > Pork > Pork ham,Livestock,Pork,Pork ham
ENG,Livestock > Pork > Special ham,Livestock,Pork,Special ham
ENG,Livestock > Pork > Cushion meat,Livestock,Pork,Cushion meat
ENG,Livestock > Pork > Sliced pork shoulder,Livestock,Pork,Sliced pork shoulder
ENG,Livestock > Pork > Sliced pork ham,Livestock,Pork,Sliced pork ham
ENG,Livestock > Pork > Pork others,Livestock,Pork,Pork others
ENG,Livestock Processed > Processed Beef > Beef Extract,Livestock Processed,Processed Beef,Beef Extract
ENG,Livestock Processed > Processed Beef > Beef Bone Extract,Livestock Processed,Processed Beef,Beef Bone Extract
ENG,Livestock Processed > Processed Beef > Beef powder,Livestock Processed,Processed Beef,Beef powder
ENG,Livestock Processed > Processed Beef > Beef broth,Livestock Processed,Processed Beef,Beef broth
ENG,Livestock Processed > Processed Beef > Beef tallow,Livestock Processed,Processed Beef,Beef tallow
ENG,Livestock Processed > Processed Beef > Other Processed Beef,Livestock Processed,Processed Beef,Other Processed Beef
ENG,Livestock Processed > Processed Chicken > Chicken stock/Extract,Livestock Processed,Processed Chicken,Chicken stock/Extract
ENG,Livestock Processed > Processed Chicken > Chicken powder,Livestock Processed,Processed Chicken,Chicken powder
ENG,Livestock Processed > Processed Chicken > Cooked Chicken,Livestock Processed,Processed Chicken,Cooked Chicken
ENG,Livestock Processed > Processed Chicken > Other Processed Chicken,Livestock Processed,Processed Chicken,Other Processed Chicken
ENG,Livestock Processed > Dairy Products > Butter,Livestock Processed,Dairy Products,Butter
ENG,Livestock Processed > Dairy Products > Milk,Livestock Processed,Dairy Products,Milk
ENG,Livestock Processed > Dairy Products > Whey powder,Livestock Processed,Dairy Products,Whey powder
ENG,Livestock Processed > Dairy Products > Dairy cream,Livestock Processed,Dairy Products,Dairy cream
ENG,Livestock Processed > Dairy Products > Skimmed milk powder,Livestock Processed,Dairy Products,Skimmed milk powder
ENG,Livestock Processed > Dairy Products > Mixed skimmed milk powder,Livestock Processed,Dairy Products,Mixed skimmed milk powder
ENG,Livestock Processed > Dairy Products > Whole milk powder,Livestock Processed,Dairy Products,Whole milk powder
ENG,Livestock Processed > Dairy Products > Cheese,Livestock Processed,Dairy Products,Cheese
ENG,Livestock Processed > Dairy Products > Other Dairy Products,Livestock Processed,Dairy Products,Other Dairy Products
ENG,Livestock Processed > Processed Eggs > Liquid whole egg,Livestock Processed,Processed Eggs,Liquid whole egg
ENG,Livestock Processed > Processed Eggs > Whole egg powder,Livestock Processed,Processed Eggs,Whole egg powder
ENG,Livestock Processed > Processed Eggs > Egg white,Livestock Processed,Processed Eggs,Egg white
ENG,Livestock Processed > Processed Eggs > Egg yolk,Livestock Processed,Processed Eggs,Egg yolk
ENG,Livestock Processed > Processed Eggs > Scrambled egg,Livestock Processed,Processed Eggs,Scrambled egg
ENG,Livestock Processed > Processed Eggs > Egg garnish,Livestock Processed,Processed Eggs,Egg garnish
ENG,Livestock Processed > Processed Eggs > Other Processed Eggs,Livestock Processed,Processed Eggs,Other Processed Eggs
ENG,Livestock Processed > Other Livestock Processed > Other Livestock Processed,Livestock Processed,Other Livestock Processed,Other Livestock Processed
ENG,Livestock Processed > Processed Pork > Pork extract,Livestock Processed,Processed Pork,Pork extract
ENG,Livestock Processed > Processed Pork > Korean blood sausage,Livestock Processed,Processed Pork,Korean blood sausage
ENG,Livestock Processed > Processed Pork > Pressed pork,Livestock Processed,Processed Pork,Pressed pork
ENG,Livestock Processed > Processed Pork > Ham/Sausage,Livestock Processed,Processed Pork,Ham/Sausage
ENG,Livestock Processed > Processed Pork > Bacon,Livestock Processed,Processed Pork,Bacon
ENG,Livestock Processed > Processed Pork > Lard,Livestock Processed,Processed Pork,Lard
ENG,Livestock Processed > Processed Pork > Other Processed Pork,Livestock Processed,Processed Pork,Other Processed Pork
ENG,Other Processed Foods > Beverages > Beverages,Other Processed Foods,Beverages,Beverages
ENG,Other Processed Foods > Casings > Natural Casings,Other Processed Foods,Casings,Natural Casings
ENG,Other Processed Foods > Casings > Natural Casings,Other Processed Foods,Casings,Natural Casings
ENG,Other Processed Foods > Casings > Natural Casings,Other Processed Foods,Casings,Natural Casings
ENG,Other Processed Foods > Casings > Collagen Casings,Other Processed Foods,Casings,Collagen Casings
ENG,Other Processed Foods > Casings > Cellulose casing,Other Processed Foods,Casings,Cellulose casing
ENG,Other Processed Foods > Casings > Plastic Casing,Other Processed Foods,Casings,Plastic Casing
ENG,Other Processed Foods > Casings > Fibrous casing,Other Processed Foods,Casings,Fibrous casing
ENG,Other Processed Foods > Casings > Other Casings,Other Processed Foods,Casings,Other Casings
ENG,Other Processed Foods > Oils and fats > Margarine,Other Processed Foods,Oils and fats,Margarine
ENG,Other Processed Foods > Oils and fats > Shortening,Other Processed Foods,Oils and fats,Shortening
ENG,Other Processed Foods > Oils and fats > Olive oil,Other Processed Foods,Oils and fats,Olive oil
ENG,Other Processed Foods > Oils and fats > Grape seed oil,Other Processed Foods,Oils and fats,Grape seed oil
ENG,Other Processed Foods > Oils and fats > Canola oil,Other Processed Foods,Oils and fats,Canola oil
ENG,Other Processed Foods > Oils and fats > Sunflower oil,Other Processed Foods,Oils and fats,Sunflower oil
ENG,Other Processed Foods > Oils and fats > Sesame oil,Other Processed Foods,Oils and fats,Sesame oil
ENG,Other Processed Foods > Oils and fats > Perilla oil,Other Processed Foods,Oils and fats,Perilla oil
ENG,Other Processed Foods > Oils and fats > Soy Oil,Other Processed Foods,Oils and fats,Soy Oil
ENG,Other Processed Foods > Oils and fats > Corn Oil,Other Processed Foods,Oils and fats,Corn Oil
ENG,Other Processed Foods > Oils and fats > Palm Oil,Other Processed Foods,Oils and fats,Palm Oil
ENG,Other Processed Foods > Oils and fats > Corn germ oil,Other Processed Foods,Oils and fats,Corn germ oil
ENG,Other Processed Foods > Oils and fats > Degummed soybean oil,Other Processed Foods,Oils and fats,Degummed soybean oil
ENG,Other Processed Foods > Oils and fats > Palm olein oil,Other Processed Foods,Oils and fats,Palm olein oil
ENG,Other Processed Foods > Oils and fats > Truffle-flavored oil,Other Processed Foods,Oils and fats,Truffle-flavored oil
ENG,Other Processed Foods > Oils and fats > Rice Bran Oil,Other Processed Foods,Oils and fats,Rice Bran Oil
ENG,Other Processed Foods > Oils and fats > Seasoned oil/Flavored oil,Other Processed Foods,Oils and fats,Seasoned oil/Flavored oil
ENG,Other Processed Foods > Oils and fats > R433ZZ,Other Processed Foods,Oils and fats,R433ZZ
ENG,Other Processed Foods > Other Processed Foods > Glass noodles,Other Processed Foods,Other Processed Foods,Glass noodles
ENG,Other Processed Foods > Other Processed Foods > Konjac,Other Processed Foods,Other Processed Foods,Konjac
ENG,Other Processed Foods > Other Processed Foods > Honey,Other Processed Foods,Other Processed Foods,Honey
ENG,Other Processed Foods > Other Processed Foods > Pre-mix,Other Processed Foods,Other Processed Foods,Pre-mix
ENG,Other Processed Foods > Other Processed Foods > Rice Chip,Other Processed Foods,Other Processed Foods,Rice Chip
ENG,Other Processed Foods > Other Processed Foods > Product Components,Other Processed Foods,Other Processed Foods,Product Components
ENG,Other Processed Foods > Other Processed Foods > Other Processed Foods,Other Processed Foods,Other Processed Foods,Other Processed Foods
ENG,Other Processed Foods > Type of tea > Tea,Other Processed Foods,Type of tea,Tea
ENG,Processing Sub-Materials > Chemical > Activated Carbon,Processing Sub-Materials,Chemical,Activated Carbon
ENG,Processing Sub-Materials > Chemical > Diatomite,Processing Sub-Materials,Chemical,Diatomite
ENG,Processing Sub-Materials > Chemical > Kaolin,Processing Sub-Materials,Chemical,Kaolin
ENG,Processing Sub-Materials > Chemical > Disinfectant,Processing Sub-Materials,Chemical,Disinfectant
ENG,Processing Sub-Materials > Chemical > Defoamer,Processing Sub-Materials,Chemical,Defoamer
ENG,Processing Sub-Materials > Chemical > Manufacturing Solvent,Processing Sub-Materials,Chemical,Manufacturing Solvent
ENG,Processing Sub-Materials > Chemical > Extraction Solvent,Processing Sub-Materials,Chemical,Extraction Solvent
ENG,Processing Sub-Materials > Chemical > pH Adjuster,Processing Sub-Materials,Chemical,pH Adjuster
ENG,Processing Sub-Materials > Chemical > Filter aid,Processing Sub-Materials,Chemical,Filter aid
ENG,Processing Sub-Materials > Chemical > AMM,Processing Sub-Materials,Chemical,AMM
ENG,Processing Sub-Materials > Chemical > Adenine,Processing Sub-Materials,Chemical,Adenine
ENG,Processing Sub-Materials > Chemical > AMS,Processing Sub-Materials,Chemical,AMS
ENG,Processing Sub-Materials > Chemical > Alanine,Processing Sub-Materials,Chemical,Alanine
ENG,Processing Sub-Materials > Chemical > CCH,Processing Sub-Materials,Chemical,CCH
ENG,Processing Sub-Materials > Chemical > CCS(Liquid),Processing Sub-Materials,Chemical,CCS(Liquid)
ENG,Processing Sub-Materials > Chemical > CSH,Processing Sub-Materials,Chemical,CSH
ENG,Processing Sub-Materials > Chemical > FSH,Processing Sub-Materials,Chemical,FSH
ENG,Processing Sub-Materials > Chemical > Guanine,Processing Sub-Materials,Chemical,Guanine
ENG,Processing Sub-Materials > Chemical > PHA,Processing Sub-Materials,Chemical,PHA
ENG,Processing Sub-Materials > Chemical > N2,Processing Sub-Materials,Chemical,N2
ENG,Processing Sub-Materials > Chemical > MNS,Processing Sub-Materials,Chemical,MNS
ENG,Processing Sub-Materials > Chemical > SHC,Processing Sub-Materials,Chemical,SHC
ENG,Processing Sub-Materials > Chemical > NCA,Processing Sub-Materials,Chemical,NCA
ENG,Processing Sub-Materials > Chemical > PAK,Processing Sub-Materials,Chemical,PAK
ENG,Processing Sub-Materials > Chemical > YES(Liquid),Processing Sub-Materials,Chemical,YES(Liquid)
ENG,Processing Sub-Materials > Chemical > YES(Powder),Processing Sub-Materials,Chemical,YES(Powder)
ENG,Processing Sub-Materials > Chemical > ZSH,Processing Sub-Materials,Chemical,ZSH
ENG,Processing Sub-Materials > Chemical > Perlite,Processing Sub-Materials,Chemical,Perlite
ENG,Processing Sub-Materials > Chemical > CHA,Processing Sub-Materials,Chemical,CHA
ENG,Processing Sub-Materials > Chemical > NIA,Processing Sub-Materials,Chemical,NIA
ENG,Processing Sub-Materials > Chemical > POH(Liquid),Processing Sub-Materials,Chemical,POH(Liquid)
ENG,Processing Sub-Materials > Chemical > STM,Processing Sub-Materials,Chemical,STM
ENG,Processing Sub-Materials > Chemical > MSH,Processing Sub-Materials,Chemical,MSH
ENG,Processing Sub-Materials > Chemical > NA2S2O5,Processing Sub-Materials,Chemical,NA2S2O5
ENG,Processing Sub-Materials > Chemical > GWT,Processing Sub-Materials,Chemical,GWT
ENG,Processing Sub-Materials > Chemical > CSA,Processing Sub-Materials,Chemical,CSA
ENG,Processing Sub-Materials > Chemical > CCS(Powder),Processing Sub-Materials,Chemical,CCS(Powder)
ENG,Processing Sub-Materials > Chemical > KP1,Processing Sub-Materials,Chemical,KP1
ENG,Processing Sub-Materials > Chemical > CAPA,Processing Sub-Materials,Chemical,CAPA
ENG,Processing Sub-Materials > Chemical > ENZ,Processing Sub-Materials,Chemical,ENZ
ENG,Processing Sub-Materials > Chemical > THI,Processing Sub-Materials,Chemical,THI
ENG,Processing Sub-Materials > Chemical > BIN,Processing Sub-Materials,Chemical,BIN
ENG,Processing Sub-Materials > Chemical > BET,Processing Sub-Materials,Chemical,BET
ENG,Processing Sub-Materials > Chemical > HTG,Processing Sub-Materials,Chemical,HTG
ENG,Processing Sub-Materials > Chemical > BEC,Processing Sub-Materials,Chemical,BEC
ENG,Processing Sub-Materials > Chemical > SKL(C),Processing Sub-Materials,Chemical,SKL(C)
ENG,Processing Sub-Materials > Chemical > SKL(A),Processing Sub-Materials,Chemical,SKL(A)
ENG,Processing Sub-Materials > Chemical > XYL,Processing Sub-Materials,Chemical,XYL
ENG,Processing Sub-Materials > Chemical > AMC,Processing Sub-Materials,Chemical,AMC
ENG,Processing Sub-Materials > Chemical > Tuna extract,Processing Sub-Materials,Chemical,Tuna extract
ENG,Processing Sub-Materials > Chemical > Poly-P,Processing Sub-Materials,Chemical,Poly-P
ENG,Processing Sub-Materials > Chemical > SALT,Processing Sub-Materials,Chemical,SALT
ENG,Processing Sub-Materials > Chemical > EDTA,Processing Sub-Materials,Chemical,EDTA
ENG,Processing Sub-Materials > Chemical > MAP,Processing Sub-Materials,Chemical,MAP
ENG,Processing Sub-Materials > Chemical > MET,Processing Sub-Materials,Chemical,MET
ENG,Processing Sub-Materials > Chemical > ETOH,Processing Sub-Materials,Chemical,ETOH
ENG,Processing Sub-Materials > Chemical > Phytase,Processing Sub-Materials,Chemical,Phytase
ENG,Processing Sub-Materials > Chemical > Adenosine,Processing Sub-Materials,Chemical,Adenosine
ENG,Processing Sub-Materials > Chemical > Guanosine,Processing Sub-Materials,Chemical,Guanosine
ENG,Processing Sub-Materials > Chemical > SCT,Processing Sub-Materials,Chemical,SCT
ENG,Processing Sub-Materials > Chemical > K2SO4,Processing Sub-Materials,Chemical,K2SO4
ENG,Processing Sub-Materials > Chemical > Peptone,Processing Sub-Materials,Chemical,Peptone
ENG,Processing Sub-Materials > Chemical > CYS,Processing Sub-Materials,Chemical,CYS
ENG,Processing Sub-Materials > Chemical > POH(Powder),Processing Sub-Materials,Chemical,POH(Powder)
ENG,Processing Sub-Materials > Chemical > ANTI CAKING,Processing Sub-Materials,Chemical,ANTI CAKING
ENG,Processing Sub-Materials > Chemical > Bengkol,Processing Sub-Materials,Chemical,Bengkol
ENG,Processing Sub-Materials > Chemical > AF-NEO400,Processing Sub-Materials,Chemical,AF-NEO400
ENG,Processing Sub-Materials > Chemical > NaHSO3,Processing Sub-Materials,Chemical,NaHSO3
ENG,Processing Sub-Materials > Chemical > PVP,Processing Sub-Materials,Chemical,PVP
ENG,Processing Sub-Materials > Chemical > PHE,Processing Sub-Materials,Chemical,PHE
ENG,Processing Sub-Materials > Chemical > SA,Processing Sub-Materials,Chemical,SA
ENG,Processing Sub-Materials > Chemical > TRS,Processing Sub-Materials,Chemical,TRS
ENG,Processing Sub-Materials > Chemical > BRA,Processing Sub-Materials,Chemical,BRA
ENG,Processing Sub-Materials > Chemical > KP2,Processing Sub-Materials,Chemical,KP2
ENG,Processing Sub-Materials > Chemical > CCR,Processing Sub-Materials,Chemical,CCR
ENG,Processing Sub-Materials > Chemical > P-AMINO,Processing Sub-Materials,Chemical,P-AMINO
ENG,Processing Sub-Materials > Chemical > MA,Processing Sub-Materials,Chemical,MA
ENG,Processing Sub-Materials > Chemical > VEG-PEPT,Processing Sub-Materials,Chemical,VEG-PEPT
ENG,Processing Sub-Materials > Chemical > PLP,Processing Sub-Materials,Chemical,PLP
ENG,Processing Sub-Materials > Chemical > SANISOL,Processing Sub-Materials,Chemical,SANISOL
ENG,Processing Sub-Materials > Chemical > Spezyme,Processing Sub-Materials,Chemical,Spezyme
ENG,Processing Sub-Materials > Chemical > Pialite,Processing Sub-Materials,Chemical,Pialite
ENG,Processing Sub-Materials > Chemical > Dextrozyme,Processing Sub-Materials,Chemical,Dextrozyme
ENG,Processing Sub-Materials > Chemical > XAN,Processing Sub-Materials,Chemical,XAN
ENG,Processing Sub-Materials > Chemical > LJW,Processing Sub-Materials,Chemical,LJW
ENG,Processing Sub-Materials > Chemical > HMP,Processing Sub-Materials,Chemical,HMP
ENG,Processing Sub-Materials > Chemical > Inrasolfk,Processing Sub-Materials,Chemical,Inrasolfk
ENG,Processing Sub-Materials > Chemical > Monoethylene Glycol,Processing Sub-Materials,Chemical,Monoethylene Glycol
ENG,Processing Sub-Materials > Chemical > Malic Acid,Processing Sub-Materials,Chemical,Malic Acid
ENG,Processing Sub-Materials > Chemical > MeSH,Processing Sub-Materials,Chemical,MeSH
ENG,Processing Sub-Materials > Chemical > ZETA,Processing Sub-Materials,Chemical,ZETA
ENG,Processing Sub-Materials > Chemical > ILE,Processing Sub-Materials,Chemical,ILE
ENG,Processing Sub-Materials > Chemical > Calcium Hydroxide,Processing Sub-Materials,Chemical,Calcium Hydroxide
ENG,Processing Sub-Materials > Chemical > CSL,Processing Sub-Materials,Chemical,CSL
ENG,Processing Sub-Materials > Chemical > CMC,Processing Sub-Materials,Chemical,CMC
ENG,Processing Sub-Materials > Chemical > ETC,Processing Sub-Materials,Chemical,ETC
ENG,Processing Sub-Materials > Other Processing Sub-Materials > Icepack Filling,Processing Sub-Materials,Other Processing Sub-Materials,Icepack Filling
ENG,Processing Sub-Materials > Other Processing Sub-Materials > Other Processing Sub-Materials,Processing Sub-Materials,Other Processing Sub-Materials,Other Processing Sub-Materials
ENG,Seafood Processed > Processed crustaceans > Processed Crab,Seafood Processed,Processed crustaceans,Processed Crab
ENG,Seafood Processed > Processed crustaceans > Processed Shrimp,Seafood Processed,Processed crustaceans,Processed Shrimp
ENG,Seafood Processed > Processed crustaceans > Other Processed crustaceans,Seafood Processed,Processed crustaceans,Other Processed crustaceans
ENG,Seafood Processed > Processed fish > Katsuobushi (Bonito flakes),Seafood Processed,Processed fish,Katsuobushi (Bonito flakes)
ENG,Seafood Processed > Processed fish > Seasoned fish,Seafood Processed,Processed fish,Seasoned fish
ENG,Seafood Processed > Processed fish > Fish extract,Seafood Processed,Processed fish,Fish extract
ENG,Seafood Processed > Processed fish > Anchovy powder,Seafood Processed,Processed fish,Anchovy powder
ENG,Seafood Processed > Processed fish > Anchovy Extract,Seafood Processed,Processed fish,Anchovy Extract
ENG,Seafood Processed > Processed fish > Processed pollack,Seafood Processed,Processed fish,Processed pollack
ENG,Seafood Processed > Processed fish > Other Processed fish,Seafood Processed,Processed fish,Other Processed fish
ENG,Seafood Processed > Processed Mollusks > Processed Squid,Seafood Processed,Processed Mollusks,Processed Squid
ENG,Seafood Processed > Processed Mollusks > Other Processed Mollusks,Seafood Processed,Processed Mollusks,Other Processed Mollusks
ENG,Seafood Processed > Mixed seafood > Mixed seafood Processed,Seafood Processed,Mixed seafood,Mixed seafood Processed
ENG,Seafood Processed > Other Fishery Processed > Seafood base broth,Seafood Processed,Other Fishery Processed,Seafood base broth
ENG,Seafood Processed > Other Fishery Processed > Other Fishery Processed,Seafood Processed,Other Fishery Processed,Other Fishery Processed
ENG,Seafood Processed > Fish sauce > Sand lance fish sauce,Seafood Processed,Fish sauce,Sand lance fish sauce
ENG,Seafood Processed > Fish sauce > Anchovy fish sauce,Seafood Processed,Fish sauce,Anchovy fish sauce
ENG,Seafood Processed > Fish sauce > Shrimp fish sauce,Seafood Processed,Fish sauce,Shrimp fish sauce
ENG,Seafood Processed > Fish sauce > Other Fish sauce,Seafood Processed,Fish sauce,Other Fish sauce
ENG,Seafood Processed > Processed shellfish > Processed Shellfish,Seafood Processed,Processed shellfish,Processed Shellfish
ENG,Seafood Processed > Processed shellfish > Processed Oyster,Seafood Processed,Processed shellfish,Processed Oyster
ENG,Seafood Processed > Processed shellfish > Processed Clam,Seafood Processed,Processed shellfish,Processed Clam
ENG,Seafood Processed > Processed shellfish > Other Processed shellfish,Seafood Processed,Processed shellfish,Other Processed shellfish
ENG,Seafood Processed > Processed seaweed > Processed Kelp,Seafood Processed,Processed seaweed,Processed Kelp
ENG,Seafood Processed > Processed seaweed > Other Processed seaweed,Seafood Processed,Processed seaweed,Other Processed seaweed
ENG,Seafood > Crustaceans > Shrimp,Seafood,Crustaceans,Shrimp
ENG,Seafood > Crustaceans > Shrimp,Seafood,Crustaceans,Shrimp
ENG,Seafood > Crustaceans > Shrimp,Seafood,Crustaceans,Shrimp
ENG,Seafood > Crustaceans > Shrimp,Seafood,Crustaceans,Shrimp
ENG,Seafood > Crustaceans > Crab,Seafood,Crustaceans,Crab
ENG,Seafood > Crustaceans > Crayfish,Seafood,Crustaceans,Crayfish
ENG,Seafood > Crustaceans > King crab,Seafood,Crustaceans,King crab
ENG,Seafood > Crustaceans > Lobster,Seafood,Crustaceans,Lobster
ENG,Seafood > Crustaceans > Other Crustaceans,Seafood,Crustaceans,Other Crustaceans
ENG,Seafood > Fish > Gizzard shad,Seafood,Fish,Gizzard shad
ENG,Seafood > Fish > Mackerel,Seafood,Fish,Mackerel
ENG,Seafood > Fish > Gulbi,Seafood,Fish,Gulbi
ENG,Seafood > Fish > Eel,Seafood,Fish,Eel
ENG,Seafood > Fish > Okdom,Seafood,Fish,Okdom
ENG,Seafood > Fish > Cockroach,Seafood,Fish,Cockroach
ENG,Seafood > Fish > Tuna,Seafood,Fish,Tuna
ENG,Seafood > Fish > Salmon,Seafood,Fish,Salmon
ENG,Seafood > Fish > Flounder,Seafood,Fish,Flounder
ENG,Seafood > Fish > Spanish mackerel,Seafood,Fish,Spanish mackerel
ENG,Seafood > Fish > Atka mackerel,Seafood,Fish,Atka mackerel
ENG,Seafood > Fish > Tilapia,Seafood,Fish,Tilapia
ENG,Seafood > Fish > Basa,Seafood,Fish,Basa
ENG,Seafood > Fish > Anchovy,Seafood,Fish,Anchovy
ENG,Seafood > Fish > pollock,Seafood,Fish,pollock
ENG,Seafood > Fish > Fish roe/Soft roe,Seafood,Fish,Fish roe/Soft roe
ENG,Seafood > Fish > Other fish,Seafood,Fish,Other fish
ENG,Seafood > Mollusks > Small Octopus,Seafood,Mollusks,Small Octopus
ENG,Seafood > Mollusks > Octopus,Seafood,Mollusks,Octopus
ENG,Seafood > Mollusks > Squid,Seafood,Mollusks,Squid
ENG,Seafood > Mollusks > Squid,Seafood,Mollusks,Squid
ENG,Seafood > Mollusks > Squid,Seafood,Mollusks,Squid
ENG,Seafood > Mollusks > Squid,Seafood,Mollusks,Squid
ENG,Seafood > Mollusks > Squid,Seafood,Mollusks,Squid
ENG,Seafood > Mollusks > Webfoot octopus,Seafood,Mollusks,Webfoot octopus
ENG,Seafood > Mollusks > Other Mollusks,Seafood,Mollusks,Other Mollusks
ENG,Seafood > Other Fishery > Meal kit Fishery,Seafood,Other Fishery,Meal kit Fishery
ENG,Seafood > Other Fishery > Other Fishery,Seafood,Other Fishery,Other Fishery
ENG,Seafood > Shellfish > Scallop,Seafood,Shellfish,Scallop
ENG,Seafood > Shellfish > Scallop,Seafood,Shellfish,Scallop
ENG,Seafood > Shellfish > Scallop,Seafood,Shellfish,Scallop
ENG,Seafood > Shellfish > Scallop,Seafood,Shellfish,Scallop
ENG,Seafood > Shellfish > Scallop,Seafood,Shellfish,Scallop
ENG,Seafood > Shellfish > Clam,Seafood,Shellfish,Clam
ENG,Seafood > Shellfish > Abalone,Seafood,Shellfish,Abalone
ENG,Seafood > Shellfish > Whelk,Seafood,Shellfish,Whelk
ENG,Seafood > Shellfish > Oyster,Seafood,Shellfish,Oyster
ENG,Seafood > Shellfish > Mussel,Seafood,Shellfish,Mussel
ENG,Seafood > Shellfish > Cockle,Seafood,Shellfish,Cockle
ENG,Seafood > Shellfish > Conch,Seafood,Shellfish,Conch
ENG,Seafood > Shellfish > Hard clam,Seafood,Shellfish,Hard clam
ENG,Seafood > Shellfish > Pen shell,Seafood,Shellfish,Pen shell
ENG,Seafood > Shellfish > Freshwater snail,Seafood,Shellfish,Freshwater snail
ENG,Seafood > Shellfish > Other Shellfish,Seafood,Shellfish,Other Shellfish
ENG,Seafood > Surimi > Hake,Seafood,Surimi,Hake
ENG,Seafood > Surimi > Pollock surimi,Seafood,Surimi,Pollock surimi
ENG,Seafood > Surimi > Itoyori (Threadfin bream),Seafood,Surimi,Itoyori (Threadfin bream)
ENG,Seafood > Surimi > Sardine surimi,Seafood,Surimi,Sardine surimi
ENG,Seafood > Surimi > Young pollack surimi,Seafood,Surimi,Young pollack surimi
ENG,Seafood > Surimi > White fish surimi,Seafood,Surimi,White fish surimi
ENG,Seafood > Surimi > Other Surimi,Seafood,Surimi,Other Surimi
ENG,Seafood > Seaweed > Kelp,Seafood,Seaweed,Kelp
ENG,Seafood > Seaweed > Brown seaweed,Seafood,Seaweed,Brown seaweed
ENG,Seafood > Seaweed > Hijiki,Seafood,Seaweed,Hijiki
ENG,Seafood > Seaweed > Sargassum,Seafood,Seaweed,Sargassum
ENG,Seafood > Seaweed > Ecklonia cava,Seafood,Seaweed,Ecklonia cava
ENG,Seafood > Seaweed > Green laver,Seafood,Seaweed,Green laver
ENG,Seafood > Seaweed > Sea lettuce,Seafood,Seaweed,Sea lettuce
ENG,Seafood > Seaweed > Chlorella,Seafood,Seaweed,Chlorella
ENG,Seafood > Seaweed > Agar,Seafood,Seaweed,Agar
ENG,Seafood > Seaweed > Spirulina,Seafood,Seaweed,Spirulina
ENG,Seafood > Seaweed > Other Seaweed,Seafood,Seaweed,Other Seaweed
ENG,Liquor > Distilled Liquor > Soju,Liquor,Distilled Liquor,Soju
ENG,Liquor > Distilled Liquor > Soju,Liquor,Distilled Liquor,Soju
ENG,Liquor > Distilled Liquor > Soju,Liquor,Distilled Liquor,Soju
ENG,Liquor > Distilled Liquor > Soju,Liquor,Distilled Liquor,Soju
ENG,Liquor > Distilled Liquor > Whiskey,Liquor,Distilled Liquor,Whiskey
ENG,Liquor > Distilled Liquor > Brandy,Liquor,Distilled Liquor,Brandy
ENG,Liquor > Distilled Liquor > Other Distilled Liquors,Liquor,Distilled Liquor,Other Distilled Liquors
ENG,Liquor > Distilled Liquor > Other Distilled Liquors,Liquor,Distilled Liquor,Other Distilled Liquors
ENG,Liquor > Distilled Liquor > Other Distilled Liquors,Liquor,Distilled Liquor,Other Distilled Liquors
ENG,Liquor > Distilled Liquor > Other Distilled Liquors,Liquor,Distilled Liquor,Other Distilled Liquors
ENG,Liquor > Distilled Liquor > Other Distilled Liquors,Liquor,Distilled Liquor,Other Distilled Liquors
ENG,Liquor > Distilled Liquor > Liqueur,Liquor,Distilled Liquor,Liqueur
ENG,Liquor > Fermented Liquor > Unrefined Rice Wine,Liquor,Fermented Liquor,Unrefined Rice Wine
ENG,Liquor > Fermented Liquor > Korean Rice Wine (Yakju),Liquor,Fermented Liquor,Korean Rice Wine (Yakju)
ENG,Liquor > Fermented Liquor > Japanese Rice Wine (Sake),Liquor,Fermented Liquor,Japanese Rice Wine (Sake)
ENG,Liquor > Fermented Liquor > Beer,Liquor,Fermented Liquor,Beer
ENG,Liquor > Fermented Liquor > Fruit Wine,Liquor,Fermented Liquor,Fruit Wine
ENG,Liquor > Other Liquors > Compounded Liquor,Liquor,Other Liquors,Compounded Liquor
ENG,Liquor > Other Liquors > Other Liquors,Liquor,Other Liquors,Other Liquors
ENG,Metal > Can > Steel Can,Metal,Can,Steel Can
ENG,Metal > Can > Aluminium Can,Metal,Can,Aluminium Can
ENG,Metal > Can > Aluminium Can,Metal,Can,Aluminium Can
ENG,Metal > Can > Drum Others,Metal,Can,Drum Others
ENG,Metal > Can > Aerosol can,Metal,Can,Aerosol can
ENG,Metal > Other Metal > Other Metal,Metal,Other Metal,Other Metal
ENG,Metal > Other Metal > Other Metal,Metal,Other Metal,Other Metal
ENG,Metal > Closure > Metal Closure,Metal,Closure,Metal Closure
ENG,Metal > Closure > Easy Open End,Metal,Closure,Easy Open End
ENG,Other Packaging > Other Packaging > OPP Tape,Other Packaging,Other Packaging,OPP Tape
ENG,Other Packaging > Other Packaging > Inner Seal,Other Packaging,Other Packaging,Inner Seal
ENG,Other Packaging > Other Packaging > Packing,Other Packaging,Other Packaging,Packing
ENG,Other Packaging > Other Packaging > Cushion,Other Packaging,Other Packaging,Cushion
ENG,Other Packaging > Other Packaging > Other Bag,Other Packaging,Other Packaging,Other Bag
ENG,Other Packaging > Other Packaging > Indicator,Other Packaging,Other Packaging,Indicator
ENG,Other Packaging > Other Packaging > PP Strip,Other Packaging,Other Packaging,PP Strip
ENG,Other Packaging > Other Packaging > Wood Stick/Chip,Other Packaging,Other Packaging,Wood Stick/Chip
ENG,Other Packaging > Other Packaging > Ink,Other Packaging,Other Packaging,Ink
ENG,Other Packaging > Other Packaging > Carbon Paper,Other Packaging,Other Packaging,Carbon Paper
ENG,Other Packaging > Other Packaging > Clip,Other Packaging,Other Packaging,Clip
ENG,Other Packaging > Other Packaging > Other Packaging,Other Packaging,Other Packaging,Other Packaging
ENG,Other Packaging > Stabilizer > Gas Absorber,Other Packaging,Stabilizer,Gas Absorber
ENG,Other Packaging > Stabilizer > Oxygen absorber,Other Packaging,Stabilizer,Oxygen absorber
ENG,Other Packaging > Adhesive > Hot melt,Other Packaging,Adhesive,Hot melt
ENG,Other Packaging > Desiccant > Silica Gel,Other Packaging,Desiccant,Silica Gel
ENG,Glass > Bottle > Glass Bottle,Glass,Bottle,Glass Bottle
ENG,Paper > Processed Bag > Paper Shopping Bag,Paper,Processed Bag,Paper Shopping Bag
ENG,Paper > Processed Bag > Paper Shopping Bag,Paper,Processed Bag,Paper Shopping Bag
ENG,Paper > Processed Paper > Yellow Kraft paper,Paper,Processed Paper,Yellow Kraft paper
ENG,Paper > Processed Paper > White kraft paper,Paper,Processed Paper,White kraft paper
ENG,Paper > Processed Paper > Paper Sheet,Paper,Processed Paper,Paper Sheet
ENG,Paper > Processed Paper > Wrapping Paper,Paper,Processed Paper,Wrapping Paper
ENG,Paper > Processed Paper > Instruction sheet,Paper,Processed Paper,Instruction sheet
ENG,Paper > Other Paper  > Other Paper ,Paper,Other Paper ,Other Paper 
ENG,Paper > Closure > Paper cap,Paper,Closure,Paper cap
ENG,Paper > Container > Paper Cup,Paper,Container,Paper Cup
ENG,Paper > Container > Carton pack,Paper,Container,Carton pack
ENG,Paper > Container > Carton pack,Paper,Container,Carton pack
ENG,Paper > Container > Paper Can,Paper,Container,Paper Can
ENG,Paper > Carton Box > Regular Slotted Case,Paper,Carton Box,Regular Slotted Case
ENG,Paper > Carton Box > Regular Slotted Case,Paper,Carton Box,Regular Slotted Case
ENG,Paper > Carton Box > Die-cutting Case,Paper,Carton Box,Die-cutting Case
ENG,Paper > Carton Box > Die-cutting Case,Paper,Carton Box,Die-cutting Case
ENG,Paper > Carton Box > Die-cutting Case,Paper,Carton Box,Die-cutting Case
ENG,Paper > Carton Box > Box Inserts,Paper,Carton Box,Box Inserts
ENG,Paper > Carton Box > Other Carton Boxes,Paper,Carton Box,Other Carton Boxes
ENG,Paper > Paper Sack > Stitched Sack,Paper,Paper Sack,Stitched Sack
ENG,Paper > Paper Sack > Pinch Sack,Paper,Paper Sack,Pinch Sack
ENG,Paper > Paper Sack > Easy Open Sack,Paper,Paper Sack,Easy Open Sack
ENG,Paper > Paper Sack > Valve Sack,Paper,Paper Sack,Valve Sack
ENG,Paper > Paper Sack > Bax Sack,Paper,Paper Sack,Bax Sack
ENG,Paper > Paper Sack > Other Sack,Paper,Paper Sack,Other Sack
ENG,Paper > Folding Carton > Folding Carton,Paper,Folding Carton,Folding Carton
ENG,Paper > Folding Carton > Inner Carton,Paper,Folding Carton,Inner Carton
ENG,Paper > Folding Carton > Top Carton,Paper,Folding Carton,Top Carton
ENG,Paper > Folding Carton > Bottom Carton,Paper,Folding Carton,Bottom Carton
ENG,Paper > Folding Carton > Wrapping Carton,Paper,Folding Carton,Wrapping Carton
ENG,Paper > Folding Carton > Sleeve Carton,Paper,Folding Carton,Sleeve Carton
ENG,Paper > Folding Carton > Folding Carton Inserts,Paper,Folding Carton,Folding Carton Inserts
ENG,Paper > Folding Carton > Folding Carton Inserts,Paper,Folding Carton,Folding Carton Inserts
ENG,Paper > Folding Carton > Other Folding Cartons,Paper,Folding Carton,Other Folding Cartons
ENG,Paper > Color Box > Regular Slotted Case,Paper,Color Box,Regular Slotted Case
ENG,Paper > Color Box > Regular Slotted Case,Paper,Color Box,Regular Slotted Case
ENG,Paper > Color Box > Die-cutting Case,Paper,Color Box,Die-cutting Case
ENG,Paper > Color Box > Die-cutting Case,Paper,Color Box,Die-cutting Case
ENG,Paper > Color Box > Die-cutting Case,Paper,Color Box,Die-cutting Case
ENG,Paper > Color Box > Box Inserts,Paper,Color Box,Box Inserts
ENG,Casing > Cellulose > Cellulose,Casing,Cellulose,Cellulose
ENG,Casing > Natural Casing > Natural Casing,Casing,Natural Casing,Natural Casing
ENG,Casing > Collagen > Collagen,Casing,Collagen,Collagen
ENG,Casing > Films > Films,Casing,Films,Films
ENG,Casing > Fibrous > Fibrous,Casing,Fibrous,Fibrous
ENG,Plastic > Processed Bag > Flexible Intermediate Bulk Container,Plastic,Processed Bag,Flexible Intermediate Bulk Container
ENG,Plastic > Processed Bag > PP Woven Bag,Plastic,Processed Bag,PP Woven Bag
ENG,Plastic > Processed Bag > Non-Woven Bag,Plastic,Processed Bag,Non-Woven Bag
ENG,Plastic > Processed Bag > Non-Woven Bag,Plastic,Processed Bag,Non-Woven Bag
ENG,Plastic > Other Tray > Other Tray,Plastic,Other Tray,Other Tray
ENG,Plastic > Other Plastic >  Other Injection,Plastic,Other Plastic, Other Injection
ENG,Plastic > Other Plastic > Bundle Bag,Plastic,Other Plastic,Bundle Bag
ENG,Plastic > Other Plastic > Stretch Film,Plastic,Other Plastic,Stretch Film
ENG,Plastic > Other Plastic >  Tube contatiner,Plastic,Other Plastic, Tube contatiner
ENG,Plastic > Other Plastic > Other Plastic,Plastic,Other Plastic,Other Plastic
ENG,Plastic > Label > Strip Label,Plastic,Label,Strip Label
ENG,Plastic > Label > In-Mould Label,Plastic,Label,In-Mould Label
ENG,Plastic > Label > Sticker / Adhesive Label,Plastic,Label,Sticker / Adhesive Label
ENG,Plastic > Label > Other Label,Plastic,Label,Other Label
ENG,Plastic > Closure > Injection Closure,Plastic,Closure,Injection Closure
ENG,Plastic > Closure > Thermoformed Closure,Plastic,Closure,Thermoformed Closure
ENG,Plastic > Closure > Thermoformed Closure,Plastic,Closure,Thermoformed Closure
ENG,Plastic > Closure > Dispense Pump,Plastic,Closure,Dispense Pump
ENG,Plastic > Multilayer Film > Bottom Film,Plastic,Multilayer Film,Bottom Film
ENG,Plastic > Multilayer Film > Top Film,Plastic,Multilayer Film,Top Film
ENG,Plastic > Multilayer Film > Roll Film,Plastic,Multilayer Film,Roll Film
ENG,Plastic > Multilayer Film > Pouch,Plastic,Multilayer Film,Pouch
ENG,Plastic > Multilayer Film > Pouch,Plastic,Multilayer Film,Pouch
ENG,Plastic > Multilayer Film > Pouch,Plastic,Multilayer Film,Pouch
ENG,Plastic > Multilayer Film > Lid Film,Plastic,Multilayer Film,Lid Film
ENG,Plastic > Multilayer Film > Lid Film,Plastic,Multilayer Film,Lid Film
ENG,Plastic > Multilayer Film > Other Multi Film,Plastic,Multilayer Film,Other Multi Film
ENG,Plastic > Box/Tray > Vacuum Formed Tray,Plastic,Box/Tray,Vacuum Formed Tray
ENG,Plastic > Box/Tray > Vacuum Formed Tray,Plastic,Box/Tray,Vacuum Formed Tray
ENG,Plastic > Box/Tray > Blister,Plastic,Box/Tray,Blister
ENG,Plastic > Box/Tray > Plastic Container,Plastic,Box/Tray,Plastic Container
ENG,Plastic > Box/Tray > Plastic Carton,Plastic,Box/Tray,Plastic Carton
ENG,Plastic > Box/Tray > EPS Box,Plastic,Box/Tray,EPS Box
ENG,Plastic > Box/Tray > Other Vaccum Compression,Plastic,Box/Tray,Other Vaccum Compression
ENG,Plastic > Shrink Film > Shrink Wrap,Plastic,Shrink Film,Shrink Wrap
ENG,Plastic > Shrink Film > Shrink Label,Plastic,Shrink Film,Shrink Label
ENG,Plastic > Shrink Film > Neckband,Plastic,Shrink Film,Neckband
ENG,Plastic > Extruded Film > Blown Cut Film,Plastic,Extruded Film,Blown Cut Film
ENG,Plastic > Extruded Film > Blown Tube Film,Plastic,Extruded Film,Blown Tube Film
ENG,Plastic > Extruded Film > Blown Pouch,Plastic,Extruded Film,Blown Pouch
ENG,Plastic > Extruded Film > Pallet Sheet,Plastic,Extruded Film,Pallet Sheet
ENG,Plastic > Container > Thermoformed,Plastic,Container,Thermoformed
ENG,Plastic > Container > Thermoformed,Plastic,Container,Thermoformed
ENG,Plastic > Container > Extrusion Blow Mold Bottle (PE),Plastic,Container,Extrusion Blow Mold Bottle (PE)
ENG,Plastic > Container > Injection Blow Mold Bottle (PET),Plastic,Container,Injection Blow Mold Bottle (PET)
ENG,Plastic > Container > Injection Container,Plastic,Container,Injection Container
ENG,Plastic > Container > Injection Container,Plastic,Container,Injection Container
